325558470,324728475,PASSING_AND_PASSING_WITH_TEST_CHANGES,apache/flink,10/05/18 22:31,10/05/2018,spirals-repairnator,http://travis-ci.org/apache/flink/builds/325558470,http://travis-ci.org/apache/flink/builds/324728475,noreply@github.com,006e1636-b132-4665-b62f-74011e6691b2_pp-01-2018-week-1
325534708,325532519,PASSING_AND_PASSING_WITH_TEST_CHANGES,apache/flink,10/05/18 22:31,10/05/2018,spirals-repairnator,http://travis-ci.org/apache/flink/builds/325534708,http://travis-ci.org/apache/flink/builds/325532519,noreply@github.com,006e1636-b132-4665-b62f-74011e6691b2_pp-01-2018-week-1
325532519,325439701,PASSING_AND_PASSING_WITH_TEST_CHANGES,apache/flink,10/05/18 22:31,10/05/2018,spirals-repairnator,http://travis-ci.org/apache/flink/builds/325532519,http://travis-ci.org/apache/flink/builds/325439701,noreply@github.com,006e1636-b132-4665-b62f-74011e6691b2_pp-01-2018-week-1
325439701,312909676,PASSING_AND_PASSING_WITH_TEST_CHANGES,apache/flink,10/05/18 22:31,10/05/2018,spirals-repairnator,http://travis-ci.org/apache/flink/builds/325439701,http://travis-ci.org/apache/flink/builds/312909676,noreply@github.com,006e1636-b132-4665-b62f-74011e6691b2_pp-01-2018-week-1
325363987,324152047,PASSING_AND_PASSING_WITH_TEST_CHANGES,apache/flink,10/05/18 22:31,10/05/2018,spirals-repairnator,http://travis-ci.org/apache/flink/builds/325363987,http://travis-ci.org/apache/flink/builds/324152047,noreply@github.com,006e1636-b132-4665-b62f-74011e6691b2_pp-01-2018-week-1
324856082,322619787,PASSING_AND_PASSING_WITH_TEST_CHANGES,apache/flink,10/05/18 22:31,10/05/2018,spirals-repairnator,http://travis-ci.org/apache/flink/builds/324856082,http://travis-ci.org/apache/flink/builds/322619787,noreply@github.com,006e1636-b132-4665-b62f-74011e6691b2_pp-01-2018-week-1
324728475,317431843,PASSING_AND_PASSING_WITH_TEST_CHANGES,apache/flink,10/05/18 22:31,10/05/2018,spirals-repairnator,http://travis-ci.org/apache/flink/builds/324728475,http://travis-ci.org/apache/flink/builds/317431843,noreply@github.com,006e1636-b132-4665-b62f-74011e6691b2_pp-01-2018-week-1
324558891,322586296,PASSING_AND_PASSING_WITH_TEST_CHANGES,apache/flink,10/05/18 22:31,10/05/2018,spirals-repairnator,http://travis-ci.org/apache/flink/builds/324558891,http://travis-ci.org/apache/flink/builds/322586296,noreply@github.com,006e1636-b132-4665-b62f-74011e6691b2_pp-01-2018-week-1
324461208,317938017,PASSING_AND_PASSING_WITH_TEST_CHANGES,apache/flink,10/05/18 22:31,10/05/2018,spirals-repairnator,http://travis-ci.org/apache/flink/builds/324461208,http://travis-ci.org/apache/flink/builds/317938017,noreply@github.com,006e1636-b132-4665-b62f-74011e6691b2_pp-01-2018-week-1
324205624,320341096,PASSING_AND_PASSING_WITH_TEST_CHANGES,apache/flink,10/05/18 22:31,10/05/2018,spirals-repairnator,http://travis-ci.org/apache/flink/builds/324205624,http://travis-ci.org/apache/flink/builds/320341096,noreply@github.com,006e1636-b132-4665-b62f-74011e6691b2_pp-01-2018-week-1
324152047,319241785,PASSING_AND_PASSING_WITH_TEST_CHANGES,apache/flink,10/05/18 22:31,10/05/2018,spirals-repairnator,http://travis-ci.org/apache/flink/builds/324152047,http://travis-ci.org/apache/flink/builds/319241785,noreply@github.com,006e1636-b132-4665-b62f-74011e6691b2_pp-01-2018-week-1
324109699,318013793,PASSING_AND_PASSING_WITH_TEST_CHANGES,apache/flink,10/05/18 22:31,10/05/2018,spirals-repairnator,http://travis-ci.org/apache/flink/builds/324109699,http://travis-ci.org/apache/flink/builds/318013793,noreply@github.com,006e1636-b132-4665-b62f-74011e6691b2_pp-01-2018-week-1
324091442,318079574,PASSING_AND_PASSING_WITH_TEST_CHANGES,apache/flink,10/05/18 22:31,10/05/2018,spirals-repairnator,http://travis-ci.org/apache/flink/builds/324091442,http://travis-ci.org/apache/flink/builds/318079574,noreply@github.com,006e1636-b132-4665-b62f-74011e6691b2_pp-01-2018-week-1
324076461,313801862,PASSING_AND_PASSING_WITH_TEST_CHANGES,apache/flink,10/05/18 22:32,10/05/2018,spirals-repairnator,http://travis-ci.org/apache/flink/builds/324076461,http://travis-ci.org/apache/flink/builds/313801862,noreply@github.com,006e1636-b132-4665-b62f-74011e6691b2_pp-01-2018-week-1
325570254,325249032,PASSING_AND_PASSING_WITH_TEST_CHANGES,druid-io/druid,10/05/18 22:32,10/05/2018,spirals-repairnator,http://travis-ci.org/druid-io/druid/builds/325570254,http://travis-ci.org/druid-io/druid/builds/325249032,noreply@github.com,006e1636-b132-4665-b62f-74011e6691b2_pp-01-2018-week-1
325213472,324350797,PASSING_AND_PASSING_WITH_TEST_CHANGES,druid-io/druid,10/05/18 22:32,10/05/2018,spirals-repairnator,http://travis-ci.org/druid-io/druid/builds/325213472,http://travis-ci.org/druid-io/druid/builds/324350797,noreply@github.com,006e1636-b132-4665-b62f-74011e6691b2_pp-01-2018-week-1
324849939,324525248,PASSING_AND_PASSING_WITH_TEST_CHANGES,druid-io/druid,10/05/18 22:32,10/05/2018,spirals-repairnator,http://travis-ci.org/druid-io/druid/builds/324849939,http://travis-ci.org/druid-io/druid/builds/324525248,noreply@github.com,006e1636-b132-4665-b62f-74011e6691b2_pp-01-2018-week-1
324448571,324414735,PASSING_AND_PASSING_WITH_TEST_CHANGES,thelastpickle/cassandra-reaper,10/05/18 22:32,10/05/2018,spirals-repairnator,http://travis-ci.org/thelastpickle/cassandra-reaper/builds/324448571,http://travis-ci.org/thelastpickle/cassandra-reaper/builds/324414735,mick@thelastpickle.com,006e1636-b132-4665-b62f-74011e6691b2_pp-01-2018-week-1
325988649,325767541,PASSING_AND_PASSING_WITH_TEST_CHANGES,JMRI/JMRI,10/05/18 22:32,10/05/2018,spirals-repairnator,http://travis-ci.org/JMRI/JMRI/builds/325988649,http://travis-ci.org/JMRI/JMRI/builds/325767541,noreply@github.com,006e1636-b132-4665-b62f-74011e6691b2_pp-01-2018-week-1
325283042,324971662,PASSING_AND_PASSING_WITH_TEST_CHANGES,JMRI/JMRI,10/05/18 22:32,10/05/2018,spirals-repairnator,http://travis-ci.org/JMRI/JMRI/builds/325283042,http://travis-ci.org/JMRI/JMRI/builds/324971662,noreply@github.com,006e1636-b132-4665-b62f-74011e6691b2_pp-01-2018-week-1
325828505,325806424,PASSING_AND_PASSING_WITH_TEST_CHANGES,JMRI/JMRI,10/05/18 22:32,10/05/2018,spirals-repairnator,http://travis-ci.org/JMRI/JMRI/builds/325828505,http://travis-ci.org/JMRI/JMRI/builds/325806424,noreply@github.com,006e1636-b132-4665-b62f-74011e6691b2_pp-01-2018-week-1
325719217,325707273,PASSING_AND_PASSING_WITH_TEST_CHANGES,JMRI/JMRI,10/05/18 22:32,10/05/2018,spirals-repairnator,http://travis-ci.org/JMRI/JMRI/builds/325719217,http://travis-ci.org/JMRI/JMRI/builds/325707273,noreply@github.com,006e1636-b132-4665-b62f-74011e6691b2_pp-01-2018-week-1
325710028,325703367,PASSING_AND_PASSING_WITH_TEST_CHANGES,JMRI/JMRI,10/05/18 22:32,10/05/2018,spirals-repairnator,http://travis-ci.org/JMRI/JMRI/builds/325710028,http://travis-ci.org/JMRI/JMRI/builds/325703367,noreply@github.com,006e1636-b132-4665-b62f-74011e6691b2_pp-01-2018-week-1
325656467,325430740,PASSING_AND_PASSING_WITH_TEST_CHANGES,JMRI/JMRI,10/05/18 22:32,10/05/2018,spirals-repairnator,http://travis-ci.org/JMRI/JMRI/builds/325656467,http://travis-ci.org/JMRI/JMRI/builds/325430740,noreply@github.com,006e1636-b132-4665-b62f-74011e6691b2_pp-01-2018-week-1
325284562,324085059,PASSING_AND_PASSING_WITH_TEST_CHANGES,JMRI/JMRI,10/05/18 22:32,10/05/2018,spirals-repairnator,http://travis-ci.org/JMRI/JMRI/builds/325284562,http://travis-ci.org/JMRI/JMRI/builds/324085059,noreply@github.com,006e1636-b132-4665-b62f-74011e6691b2_pp-01-2018-week-1
325042355,325018846,PASSING_AND_PASSING_WITH_TEST_CHANGES,JMRI/JMRI,10/05/18 22:32,10/05/2018,spirals-repairnator,http://travis-ci.org/JMRI/JMRI/builds/325042355,http://travis-ci.org/JMRI/JMRI/builds/325018846,noreply@github.com,006e1636-b132-4665-b62f-74011e6691b2_pp-01-2018-week-1
325040170,324645386,PASSING_AND_PASSING_WITH_TEST_CHANGES,JMRI/JMRI,10/05/18 22:32,10/05/2018,spirals-repairnator,http://travis-ci.org/JMRI/JMRI/builds/325040170,http://travis-ci.org/JMRI/JMRI/builds/324645386,noreply@github.com,006e1636-b132-4665-b62f-74011e6691b2_pp-01-2018-week-1
324889585,324874291,PASSING_AND_PASSING_WITH_TEST_CHANGES,JMRI/JMRI,10/05/18 22:32,10/05/2018,spirals-repairnator,http://travis-ci.org/JMRI/JMRI/builds/324889585,http://travis-ci.org/JMRI/JMRI/builds/324874291,noreply@github.com,006e1636-b132-4665-b62f-74011e6691b2_pp-01-2018-week-1
324196490,324083137,PASSING_AND_PASSING_WITH_TEST_CHANGES,JMRI/JMRI,10/05/18 22:32,10/05/2018,spirals-repairnator,http://travis-ci.org/JMRI/JMRI/builds/324196490,http://travis-ci.org/JMRI/JMRI/builds/324083137,noreply@github.com,006e1636-b132-4665-b62f-74011e6691b2_pp-01-2018-week-1
324084437,323977418,PASSING_AND_PASSING_WITH_TEST_CHANGES,JMRI/JMRI,10/05/18 22:32,10/05/2018,spirals-repairnator,http://travis-ci.org/JMRI/JMRI/builds/324084437,http://travis-ci.org/JMRI/JMRI/builds/323977418,noreply@github.com,006e1636-b132-4665-b62f-74011e6691b2_pp-01-2018-week-1
324085059,322959806,PASSING_AND_PASSING_WITH_TEST_CHANGES,JMRI/JMRI,10/05/18 22:32,10/05/2018,spirals-repairnator,http://travis-ci.org/JMRI/JMRI/builds/324085059,http://travis-ci.org/JMRI/JMRI/builds/322959806,noreply@github.com,006e1636-b132-4665-b62f-74011e6691b2_pp-01-2018-week-1
323715749,322596091,PASSING_AND_PASSING_WITH_TEST_CHANGES,JMRI/JMRI,10/05/18 22:32,10/05/2018,spirals-repairnator,http://travis-ci.org/JMRI/JMRI/builds/323715749,http://travis-ci.org/JMRI/JMRI/builds/322596091,noreply@github.com,006e1636-b132-4665-b62f-74011e6691b2_pp-01-2018-week-1
326047016,323523488,PASSING_AND_PASSING_WITH_TEST_CHANGES,apache/nifi,10/05/18 22:32,10/05/2018,spirals-repairnator,http://travis-ci.org/apache/nifi/builds/326047016,http://travis-ci.org/apache/nifi/builds/323523488,noreply@github.com,006e1636-b132-4665-b62f-74011e6691b2_pp-01-2018-week-1
325758385,322832097,PASSING_AND_PASSING_WITH_TEST_CHANGES,apache/nifi,10/05/18 22:32,10/05/2018,spirals-repairnator,http://travis-ci.org/apache/nifi/builds/325758385,http://travis-ci.org/apache/nifi/builds/322832097,noreply@github.com,006e1636-b132-4665-b62f-74011e6691b2_pp-01-2018-week-1
325656632,325522012,PASSING_AND_PASSING_WITH_TEST_CHANGES,apache/nifi,10/05/18 22:32,10/05/2018,spirals-repairnator,http://travis-ci.org/apache/nifi/builds/325656632,http://travis-ci.org/apache/nifi/builds/325522012,noreply@github.com,006e1636-b132-4665-b62f-74011e6691b2_pp-01-2018-week-1
325574856,325505806,PASSING_AND_PASSING_WITH_TEST_CHANGES,apache/nifi,10/05/18 22:32,10/05/2018,spirals-repairnator,http://travis-ci.org/apache/nifi/builds/325574856,http://travis-ci.org/apache/nifi/builds/325505806,matt.c.gilman@gmail.com,006e1636-b132-4665-b62f-74011e6691b2_pp-01-2018-week-1
325556308,325553468,PASSING_AND_PASSING_WITH_TEST_CHANGES,apache/nifi,10/05/18 22:32,10/05/2018,spirals-repairnator,http://travis-ci.org/apache/nifi/builds/325556308,http://travis-ci.org/apache/nifi/builds/325553468,noreply@github.com,006e1636-b132-4665-b62f-74011e6691b2_pp-01-2018-week-1
325505806,325490842,PASSING_AND_PASSING_WITH_TEST_CHANGES,apache/nifi,10/05/18 22:32,10/05/2018,spirals-repairnator,http://travis-ci.org/apache/nifi/builds/325505806,http://travis-ci.org/apache/nifi/builds/325490842,matt.c.gilman@gmail.com,006e1636-b132-4665-b62f-74011e6691b2_pp-01-2018-week-1
325490842,325473366,PASSING_AND_PASSING_WITH_TEST_CHANGES,apache/nifi,10/05/18 22:32,10/05/2018,spirals-repairnator,http://travis-ci.org/apache/nifi/builds/325490842,http://travis-ci.org/apache/nifi/builds/325473366,markap14@hotmail.com,006e1636-b132-4665-b62f-74011e6691b2_pp-01-2018-week-1
325163718,325141031,PASSING_AND_PASSING_WITH_TEST_CHANGES,apache/nifi,10/05/18 22:32,10/05/2018,spirals-repairnator,http://travis-ci.org/apache/nifi/builds/325163718,http://travis-ci.org/apache/nifi/builds/325141031,joewitt@apache.org,006e1636-b132-4665-b62f-74011e6691b2_pp-01-2018-week-1
325145033,324869129,PASSING_AND_PASSING_WITH_TEST_CHANGES,apache/nifi,10/05/18 22:32,10/05/2018,spirals-repairnator,http://travis-ci.org/apache/nifi/builds/325145033,http://travis-ci.org/apache/nifi/builds/324869129,noreply@github.com,006e1636-b132-4665-b62f-74011e6691b2_pp-01-2018-week-1
325078094,314830554,PASSING_AND_PASSING_WITH_TEST_CHANGES,apache/nifi,10/05/18 22:32,10/05/2018,spirals-repairnator,http://travis-ci.org/apache/nifi/builds/325078094,http://travis-ci.org/apache/nifi/builds/314830554,noreply@github.com,006e1636-b132-4665-b62f-74011e6691b2_pp-01-2018-week-1
325054522,325043145,PASSING_AND_PASSING_WITH_TEST_CHANGES,apache/nifi,10/05/18 22:32,10/05/2018,spirals-repairnator,http://travis-ci.org/apache/nifi/builds/325054522,http://travis-ci.org/apache/nifi/builds/325043145,joewitt@apache.org,006e1636-b132-4665-b62f-74011e6691b2_pp-01-2018-week-1
325043145,324651526,PASSING_AND_PASSING_WITH_TEST_CHANGES,apache/nifi,10/05/18 22:32,10/05/2018,spirals-repairnator,http://travis-ci.org/apache/nifi/builds/325043145,http://travis-ci.org/apache/nifi/builds/324651526,markap14@hotmail.com,006e1636-b132-4665-b62f-74011e6691b2_pp-01-2018-week-1
324869129,324803426,PASSING_AND_PASSING_WITH_TEST_CHANGES,apache/nifi,10/05/18 22:32,10/05/2018,spirals-repairnator,http://travis-ci.org/apache/nifi/builds/324869129,http://travis-ci.org/apache/nifi/builds/324803426,noreply@github.com,006e1636-b132-4665-b62f-74011e6691b2_pp-01-2018-week-1
324803426,324634327,PASSING_AND_PASSING_WITH_TEST_CHANGES,apache/nifi,10/05/18 22:32,10/05/2018,spirals-repairnator,http://travis-ci.org/apache/nifi/builds/324803426,http://travis-ci.org/apache/nifi/builds/324634327,noreply@github.com,006e1636-b132-4665-b62f-74011e6691b2_pp-01-2018-week-1
324651526,324647626,PASSING_AND_PASSING_WITH_TEST_CHANGES,apache/nifi,10/05/18 22:32,10/05/2018,spirals-repairnator,http://travis-ci.org/apache/nifi/builds/324651526,http://travis-ci.org/apache/nifi/builds/324647626,joewitt@apache.org,006e1636-b132-4665-b62f-74011e6691b2_pp-01-2018-week-1
324647626,324638337,PASSING_AND_PASSING_WITH_TEST_CHANGES,apache/nifi,10/05/18 22:32,10/05/2018,spirals-repairnator,http://travis-ci.org/apache/nifi/builds/324647626,http://travis-ci.org/apache/nifi/builds/324638337,bbende@apache.org,006e1636-b132-4665-b62f-74011e6691b2_pp-01-2018-week-1
324638337,324445126,PASSING_AND_PASSING_WITH_TEST_CHANGES,apache/nifi,10/05/18 22:32,10/05/2018,spirals-repairnator,http://travis-ci.org/apache/nifi/builds/324638337,http://travis-ci.org/apache/nifi/builds/324445126,markap14@hotmail.com,006e1636-b132-4665-b62f-74011e6691b2_pp-01-2018-week-1
324634327,324231630,PASSING_AND_PASSING_WITH_TEST_CHANGES,apache/nifi,10/05/18 22:32,10/05/2018,spirals-repairnator,http://travis-ci.org/apache/nifi/builds/324634327,http://travis-ci.org/apache/nifi/builds/324231630,noreply@github.com,006e1636-b132-4665-b62f-74011e6691b2_pp-01-2018-week-1
324445126,324417246,PASSING_AND_PASSING_WITH_TEST_CHANGES,apache/nifi,10/05/18 22:32,10/05/2018,spirals-repairnator,http://travis-ci.org/apache/nifi/builds/324445126,http://travis-ci.org/apache/nifi/builds/324417246,joewitt@apache.org,006e1636-b132-4665-b62f-74011e6691b2_pp-01-2018-week-1
324417246,324158907,PASSING_AND_PASSING_WITH_TEST_CHANGES,apache/nifi,10/05/18 22:32,10/05/2018,spirals-repairnator,http://travis-ci.org/apache/nifi/builds/324417246,http://travis-ci.org/apache/nifi/builds/324158907,ijokarumawak@apache.org,006e1636-b132-4665-b62f-74011e6691b2_pp-01-2018-week-1
324260612,324250765,PASSING_AND_PASSING_WITH_TEST_CHANGES,apache/nifi,10/05/18 22:32,10/05/2018,spirals-repairnator,http://travis-ci.org/apache/nifi/builds/324260612,http://travis-ci.org/apache/nifi/builds/324250765,noreply@github.com,006e1636-b132-4665-b62f-74011e6691b2_pp-01-2018-week-1
324250765,319887051,PASSING_AND_PASSING_WITH_TEST_CHANGES,apache/nifi,10/05/18 22:32,10/05/2018,spirals-repairnator,http://travis-ci.org/apache/nifi/builds/324250765,http://travis-ci.org/apache/nifi/builds/319887051,noreply@github.com,006e1636-b132-4665-b62f-74011e6691b2_pp-01-2018-week-1
324242207,324237923,PASSING_AND_PASSING_WITH_TEST_CHANGES,apache/nifi,10/05/18 22:32,10/05/2018,spirals-repairnator,http://travis-ci.org/apache/nifi/builds/324242207,http://travis-ci.org/apache/nifi/builds/324237923,noreply@github.com,006e1636-b132-4665-b62f-74011e6691b2_pp-01-2018-week-1
324231630,324168763,PASSING_AND_PASSING_WITH_TEST_CHANGES,apache/nifi,10/05/18 22:32,10/05/2018,spirals-repairnator,http://travis-ci.org/apache/nifi/builds/324231630,http://travis-ci.org/apache/nifi/builds/324168763,noreply@github.com,006e1636-b132-4665-b62f-74011e6691b2_pp-01-2018-week-1
325857491,325572977,PASSING_AND_PASSING_WITH_TEST_CHANGES,INRIA/spoon,10/05/18 22:32,10/05/2018,spirals-repairnator,http://travis-ci.org/INRIA/spoon/builds/325857491,http://travis-ci.org/INRIA/spoon/builds/325572977,noreply@github.com,006e1636-b132-4665-b62f-74011e6691b2_pp-01-2018-week-1
325572977,324711014,PASSING_AND_PASSING_WITH_TEST_CHANGES,INRIA/spoon,10/05/18 22:32,10/05/2018,spirals-repairnator,http://travis-ci.org/INRIA/spoon/builds/325572977,http://travis-ci.org/INRIA/spoon/builds/324711014,noreply@github.com,006e1636-b132-4665-b62f-74011e6691b2_pp-01-2018-week-1
325214102,325213747,PASSING_AND_PASSING_WITH_TEST_CHANGES,INRIA/spoon,10/05/18 22:32,10/05/2018,spirals-repairnator,http://travis-ci.org/INRIA/spoon/builds/325214102,http://travis-ci.org/INRIA/spoon/builds/325213747,monperrus@users.noreply.github.com,006e1636-b132-4665-b62f-74011e6691b2_pp-01-2018-week-1
325213747,325213560,PASSING_AND_PASSING_WITH_TEST_CHANGES,INRIA/spoon,10/05/18 22:32,10/05/2018,spirals-repairnator,http://travis-ci.org/INRIA/spoon/builds/325213747,http://travis-ci.org/INRIA/spoon/builds/325213560,monperrus@users.noreply.github.com,006e1636-b132-4665-b62f-74011e6691b2_pp-01-2018-week-1
325213560,325000994,PASSING_AND_PASSING_WITH_TEST_CHANGES,INRIA/spoon,10/05/18 22:32,10/05/2018,spirals-repairnator,http://travis-ci.org/INRIA/spoon/builds/325213560,http://travis-ci.org/INRIA/spoon/builds/325000994,monperrus@users.noreply.github.com,006e1636-b132-4665-b62f-74011e6691b2_pp-01-2018-week-1
325121940,324691049,PASSING_AND_PASSING_WITH_TEST_CHANGES,INRIA/spoon,10/05/18 22:32,10/05/2018,spirals-repairnator,http://travis-ci.org/INRIA/spoon/builds/325121940,http://travis-ci.org/INRIA/spoon/builds/324691049,noreply@github.com,006e1636-b132-4665-b62f-74011e6691b2_pp-01-2018-week-1
324721843,323960549,PASSING_AND_PASSING_WITH_TEST_CHANGES,INRIA/spoon,10/05/18 22:32,10/05/2018,spirals-repairnator,http://travis-ci.org/INRIA/spoon/builds/324721843,http://travis-ci.org/INRIA/spoon/builds/323960549,pvojtechovsky@users.noreply.github.com,006e1636-b132-4665-b62f-74011e6691b2_pp-01-2018-week-1
324711014,323764674,PASSING_AND_PASSING_WITH_TEST_CHANGES,INRIA/spoon,10/05/18 22:32,10/05/2018,spirals-repairnator,http://travis-ci.org/INRIA/spoon/builds/324711014,http://travis-ci.org/INRIA/spoon/builds/323764674,noreply@github.com,006e1636-b132-4665-b62f-74011e6691b2_pp-01-2018-week-1
324691049,323835270,PASSING_AND_PASSING_WITH_TEST_CHANGES,INRIA/spoon,10/05/18 22:32,10/05/2018,spirals-repairnator,http://travis-ci.org/INRIA/spoon/builds/324691049,http://travis-ci.org/INRIA/spoon/builds/323835270,noreply@github.com,006e1636-b132-4665-b62f-74011e6691b2_pp-01-2018-week-1
324516519,324508124,PASSING_AND_PASSING_WITH_TEST_CHANGES,INRIA/spoon,10/05/18 22:32,10/05/2018,spirals-repairnator,http://travis-ci.org/INRIA/spoon/builds/324516519,http://travis-ci.org/INRIA/spoon/builds/324508124,noreply@github.com,006e1636-b132-4665-b62f-74011e6691b2_pp-01-2018-week-1
324508124,319089971,PASSING_AND_PASSING_WITH_TEST_CHANGES,INRIA/spoon,10/05/18 22:32,10/05/2018,spirals-repairnator,http://travis-ci.org/INRIA/spoon/builds/324508124,http://travis-ci.org/INRIA/spoon/builds/319089971,noreply@github.com,006e1636-b132-4665-b62f-74011e6691b2_pp-01-2018-week-1
323878555,323877804,PASSING_AND_PASSING_WITH_TEST_CHANGES,INRIA/spoon,10/05/18 22:32,10/05/2018,spirals-repairnator,http://travis-ci.org/INRIA/spoon/builds/323878555,http://travis-ci.org/INRIA/spoon/builds/323877804,monperrus@users.noreply.github.com,006e1636-b132-4665-b62f-74011e6691b2_pp-01-2018-week-1
323877804,323824749,PASSING_AND_PASSING_WITH_TEST_CHANGES,INRIA/spoon,10/05/18 22:32,10/05/2018,spirals-repairnator,http://travis-ci.org/INRIA/spoon/builds/323877804,http://travis-ci.org/INRIA/spoon/builds/323824749,monperrus@users.noreply.github.com,006e1636-b132-4665-b62f-74011e6691b2_pp-01-2018-week-1
323835270,323775769,PASSING_AND_PASSING_WITH_TEST_CHANGES,INRIA/spoon,10/05/18 22:32,10/05/2018,spirals-repairnator,http://travis-ci.org/INRIA/spoon/builds/323835270,http://travis-ci.org/INRIA/spoon/builds/323775769,noreply@github.com,006e1636-b132-4665-b62f-74011e6691b2_pp-01-2018-week-1
323826560,323812777,PASSING_AND_PASSING_WITH_TEST_CHANGES,INRIA/spoon,10/05/18 22:32,10/05/2018,spirals-repairnator,http://travis-ci.org/INRIA/spoon/builds/323826560,http://travis-ci.org/INRIA/spoon/builds/323812777,noreply@github.com,006e1636-b132-4665-b62f-74011e6691b2_pp-01-2018-week-1
323824749,323824126,PASSING_AND_PASSING_WITH_TEST_CHANGES,INRIA/spoon,10/05/18 22:32,10/05/2018,spirals-repairnator,http://travis-ci.org/INRIA/spoon/builds/323824749,http://travis-ci.org/INRIA/spoon/builds/323824126,monperrus@users.noreply.github.com,006e1636-b132-4665-b62f-74011e6691b2_pp-01-2018-week-1
323823511,323802157,PASSING_AND_PASSING_WITH_TEST_CHANGES,INRIA/spoon,10/05/18 22:32,10/05/2018,spirals-repairnator,http://travis-ci.org/INRIA/spoon/builds/323823511,http://travis-ci.org/INRIA/spoon/builds/323802157,monperrus@users.noreply.github.com,006e1636-b132-4665-b62f-74011e6691b2_pp-01-2018-week-1
323814107,323783675,PASSING_AND_PASSING_WITH_TEST_CHANGES,INRIA/spoon,10/05/18 22:32,10/05/2018,spirals-repairnator,http://travis-ci.org/INRIA/spoon/builds/323814107,http://travis-ci.org/INRIA/spoon/builds/323783675,noreply@github.com,006e1636-b132-4665-b62f-74011e6691b2_pp-01-2018-week-1
323812777,323797043,PASSING_AND_PASSING_WITH_TEST_CHANGES,INRIA/spoon,10/05/18 22:32,10/05/2018,spirals-repairnator,http://travis-ci.org/INRIA/spoon/builds/323812777,http://travis-ci.org/INRIA/spoon/builds/323797043,noreply@github.com,006e1636-b132-4665-b62f-74011e6691b2_pp-01-2018-week-1
323802157,323801837,PASSING_AND_PASSING_WITH_TEST_CHANGES,INRIA/spoon,10/05/18 22:32,10/05/2018,spirals-repairnator,http://travis-ci.org/INRIA/spoon/builds/323802157,http://travis-ci.org/INRIA/spoon/builds/323801837,monperrus@users.noreply.github.com,006e1636-b132-4665-b62f-74011e6691b2_pp-01-2018-week-1
323801837,323799952,PASSING_AND_PASSING_WITH_TEST_CHANGES,INRIA/spoon,10/05/18 22:32,10/05/2018,spirals-repairnator,http://travis-ci.org/INRIA/spoon/builds/323801837,http://travis-ci.org/INRIA/spoon/builds/323799952,monperrus@users.noreply.github.com,006e1636-b132-4665-b62f-74011e6691b2_pp-01-2018-week-1
323799714,323772844,PASSING_AND_PASSING_WITH_TEST_CHANGES,INRIA/spoon,10/05/18 22:32,10/05/2018,spirals-repairnator,http://travis-ci.org/INRIA/spoon/builds/323799714,http://travis-ci.org/INRIA/spoon/builds/323772844,monperrus@users.noreply.github.com,006e1636-b132-4665-b62f-74011e6691b2_pp-01-2018-week-1
326069610,326062667,PASSING_AND_PASSING_WITH_TEST_CHANGES,EnMasseProject/enmasse,10/05/18 22:32,10/05/2018,spirals-repairnator,http://travis-ci.org/EnMasseProject/enmasse/builds/326069610,http://travis-ci.org/EnMasseProject/enmasse/builds/326062667,noreply@github.com,006e1636-b132-4665-b62f-74011e6691b2_pp-01-2018-week-1
324975559,319116549,PASSING_AND_PASSING_WITH_TEST_CHANGES,EnMasseProject/enmasse,10/05/18 22:32,10/05/2018,spirals-repairnator,http://travis-ci.org/EnMasseProject/enmasse/builds/324975559,http://travis-ci.org/EnMasseProject/enmasse/builds/319116549,noreply@github.com,006e1636-b132-4665-b62f-74011e6691b2_pp-01-2018-week-1
324975548,319116396,PASSING_AND_PASSING_WITH_TEST_CHANGES,EnMasseProject/enmasse,10/05/18 22:32,10/05/2018,spirals-repairnator,http://travis-ci.org/EnMasseProject/enmasse/builds/324975548,http://travis-ci.org/EnMasseProject/enmasse/builds/319116396,kornys@outlook.com,006e1636-b132-4665-b62f-74011e6691b2_pp-01-2018-week-1
324857278,324319257,PASSING_AND_PASSING_WITH_TEST_CHANGES,batfish/batfish,10/05/18 22:32,10/05/2018,spirals-repairnator,http://travis-ci.org/batfish/batfish/builds/324857278,http://travis-ci.org/batfish/batfish/builds/324319257,dhalperi@users.noreply.github.com,006e1636-b132-4665-b62f-74011e6691b2_pp-01-2018-week-1
323958418,323700635,PASSING_AND_PASSING_WITH_TEST_CHANGES,batfish/batfish,10/05/18 22:32,10/05/2018,spirals-repairnator,http://travis-ci.org/batfish/batfish/builds/323958418,http://travis-ci.org/batfish/batfish/builds/323700635,dhalperi@users.noreply.github.com,006e1636-b132-4665-b62f-74011e6691b2_pp-01-2018-week-1
324147987,320324774,PASSING_AND_PASSING_WITH_TEST_CHANGES,matsim-org/matsim,10/05/18 22:32,10/05/2018,spirals-repairnator,http://travis-ci.org/matsim-org/matsim/builds/324147987,http://travis-ci.org/matsim-org/matsim/builds/320324774,noreply@github.com,006e1636-b132-4665-b62f-74011e6691b2_pp-01-2018-week-1
324098826,324098340,PASSING_AND_PASSING_WITH_TEST_CHANGES,matsim-org/matsim,10/05/18 22:32,10/05/2018,spirals-repairnator,http://travis-ci.org/matsim-org/matsim/builds/324098826,http://travis-ci.org/matsim-org/matsim/builds/324098340,bischoff@vsp.tu-berlin.de,006e1636-b132-4665-b62f-74011e6691b2_pp-01-2018-week-1
325737530,325717317,PASSING_AND_PASSING_WITH_TEST_CHANGES,apache/incubator-servicecomb-java-chassis,10/05/18 22:32,10/05/2018,spirals-repairnator,http://travis-ci.org/apache/incubator-servicecomb-java-chassis/builds/325737530,http://travis-ci.org/apache/incubator-servicecomb-java-chassis/builds/325717317,noreply@github.com,006e1636-b132-4665-b62f-74011e6691b2_pp-01-2018-week-1
325343320,324940989,PASSING_AND_PASSING_WITH_TEST_CHANGES,apache/incubator-servicecomb-java-chassis,10/05/18 22:32,10/05/2018,spirals-repairnator,http://travis-ci.org/apache/incubator-servicecomb-java-chassis/builds/325343320,http://travis-ci.org/apache/incubator-servicecomb-java-chassis/builds/324940989,noreply@github.com,006e1636-b132-4665-b62f-74011e6691b2_pp-01-2018-week-1
325332535,324942418,PASSING_AND_PASSING_WITH_TEST_CHANGES,apache/incubator-servicecomb-java-chassis,10/05/18 22:32,10/05/2018,spirals-repairnator,http://travis-ci.org/apache/incubator-servicecomb-java-chassis/builds/325332535,http://travis-ci.org/apache/incubator-servicecomb-java-chassis/builds/324942418,noreply@github.com,006e1636-b132-4665-b62f-74011e6691b2_pp-01-2018-week-1
324972932,324031199,PASSING_AND_PASSING_WITH_TEST_CHANGES,apache/incubator-servicecomb-java-chassis,10/05/18 22:32,10/05/2018,spirals-repairnator,http://travis-ci.org/apache/incubator-servicecomb-java-chassis/builds/324972932,http://travis-ci.org/apache/incubator-servicecomb-java-chassis/builds/324031199,noreply@github.com,006e1636-b132-4665-b62f-74011e6691b2_pp-01-2018-week-1
324942908,324864618,PASSING_AND_PASSING_WITH_TEST_CHANGES,apache/incubator-servicecomb-java-chassis,10/05/18 22:32,10/05/2018,spirals-repairnator,http://travis-ci.org/apache/incubator-servicecomb-java-chassis/builds/324942908,http://travis-ci.org/apache/incubator-servicecomb-java-chassis/builds/324864618,nobody@github.com,006e1636-b132-4665-b62f-74011e6691b2_pp-01-2018-week-1
324942418,324940006,PASSING_AND_PASSING_WITH_TEST_CHANGES,apache/incubator-servicecomb-java-chassis,10/05/18 22:32,10/05/2018,spirals-repairnator,http://travis-ci.org/apache/incubator-servicecomb-java-chassis/builds/324942418,http://travis-ci.org/apache/incubator-servicecomb-java-chassis/builds/324940006,noreply@github.com,006e1636-b132-4665-b62f-74011e6691b2_pp-01-2018-week-1
324942304,324873069,PASSING_AND_PASSING_WITH_TEST_CHANGES,apache/incubator-servicecomb-java-chassis,10/05/18 22:32,10/05/2018,spirals-repairnator,http://travis-ci.org/apache/incubator-servicecomb-java-chassis/builds/324942304,http://travis-ci.org/apache/incubator-servicecomb-java-chassis/builds/324873069,noreply@github.com,006e1636-b132-4665-b62f-74011e6691b2_pp-01-2018-week-1
324925855,324922805,PASSING_AND_PASSING_WITH_TEST_CHANGES,apache/incubator-servicecomb-java-chassis,10/05/18 22:32,10/05/2018,spirals-repairnator,http://travis-ci.org/apache/incubator-servicecomb-java-chassis/builds/324925855,http://travis-ci.org/apache/incubator-servicecomb-java-chassis/builds/324922805,noreply@github.com,006e1636-b132-4665-b62f-74011e6691b2_pp-01-2018-week-1
324864618,324534322,PASSING_AND_PASSING_WITH_TEST_CHANGES,apache/incubator-servicecomb-java-chassis,10/05/18 22:32,10/05/2018,spirals-repairnator,http://travis-ci.org/apache/incubator-servicecomb-java-chassis/builds/324864618,http://travis-ci.org/apache/incubator-servicecomb-java-chassis/builds/324534322,noreply@github.com,006e1636-b132-4665-b62f-74011e6691b2_pp-01-2018-week-1
324587381,324079805,PASSING_AND_PASSING_WITH_TEST_CHANGES,apache/incubator-servicecomb-java-chassis,10/05/18 22:32,10/05/2018,spirals-repairnator,http://travis-ci.org/apache/incubator-servicecomb-java-chassis/builds/324587381,http://travis-ci.org/apache/incubator-servicecomb-java-chassis/builds/324079805,jiangning9@huawei.com,006e1636-b132-4665-b62f-74011e6691b2_pp-01-2018-week-1
324425912,324143809,PASSING_AND_PASSING_WITH_TEST_CHANGES,apache/incubator-servicecomb-java-chassis,10/05/18 22:32,10/05/2018,spirals-repairnator,http://travis-ci.org/apache/incubator-servicecomb-java-chassis/builds/324425912,http://travis-ci.org/apache/incubator-servicecomb-java-chassis/builds/324143809,noreply@github.com,006e1636-b132-4665-b62f-74011e6691b2_pp-01-2018-week-1
324079805,324079577,PASSING_AND_PASSING_WITH_TEST_CHANGES,apache/incubator-servicecomb-java-chassis,10/05/18 22:32,10/05/2018,spirals-repairnator,http://travis-ci.org/apache/incubator-servicecomb-java-chassis/builds/324079805,http://travis-ci.org/apache/incubator-servicecomb-java-chassis/builds/324079577,jiangning9@huawei.com,006e1636-b132-4665-b62f-74011e6691b2_pp-01-2018-week-1
324079577,324079054,PASSING_AND_PASSING_WITH_TEST_CHANGES,apache/incubator-servicecomb-java-chassis,10/05/18 22:32,10/05/2018,spirals-repairnator,http://travis-ci.org/apache/incubator-servicecomb-java-chassis/builds/324079577,http://travis-ci.org/apache/incubator-servicecomb-java-chassis/builds/324079054,jiangning9@huawei.com,006e1636-b132-4665-b62f-74011e6691b2_pp-01-2018-week-1
324079054,323978020,PASSING_AND_PASSING_WITH_TEST_CHANGES,apache/incubator-servicecomb-java-chassis,10/05/18 22:32,10/05/2018,spirals-repairnator,http://travis-ci.org/apache/incubator-servicecomb-java-chassis/builds/324079054,http://travis-ci.org/apache/incubator-servicecomb-java-chassis/builds/323978020,jiangning9@huawei.com,006e1636-b132-4665-b62f-74011e6691b2_pp-01-2018-week-1
324047437,324040949,PASSING_AND_PASSING_WITH_TEST_CHANGES,apache/incubator-servicecomb-java-chassis,10/05/18 22:32,10/05/2018,spirals-repairnator,http://travis-ci.org/apache/incubator-servicecomb-java-chassis/builds/324047437,http://travis-ci.org/apache/incubator-servicecomb-java-chassis/builds/324040949,noreply@github.com,006e1636-b132-4665-b62f-74011e6691b2_pp-01-2018-week-1
324040949,324010692,PASSING_AND_PASSING_WITH_TEST_CHANGES,apache/incubator-servicecomb-java-chassis,10/05/18 22:32,10/05/2018,spirals-repairnator,http://travis-ci.org/apache/incubator-servicecomb-java-chassis/builds/324040949,http://travis-ci.org/apache/incubator-servicecomb-java-chassis/builds/324010692,noreply@github.com,006e1636-b132-4665-b62f-74011e6691b2_pp-01-2018-week-1
324031199,321358599,PASSING_AND_PASSING_WITH_TEST_CHANGES,apache/incubator-servicecomb-java-chassis,10/05/18 22:32,10/05/2018,spirals-repairnator,http://travis-ci.org/apache/incubator-servicecomb-java-chassis/builds/324031199,http://travis-ci.org/apache/incubator-servicecomb-java-chassis/builds/321358599,noreply@github.com,006e1636-b132-4665-b62f-74011e6691b2_pp-01-2018-week-1
324010692,322813629,PASSING_AND_PASSING_WITH_TEST_CHANGES,apache/incubator-servicecomb-java-chassis,10/05/18 22:32,10/05/2018,spirals-repairnator,http://travis-ci.org/apache/incubator-servicecomb-java-chassis/builds/324010692,http://travis-ci.org/apache/incubator-servicecomb-java-chassis/builds/322813629,noreply@github.com,006e1636-b132-4665-b62f-74011e6691b2_pp-01-2018-week-1
323978020,323170611,PASSING_AND_PASSING_WITH_TEST_CHANGES,apache/incubator-servicecomb-java-chassis,10/05/18 22:32,10/05/2018,spirals-repairnator,http://travis-ci.org/apache/incubator-servicecomb-java-chassis/builds/323978020,http://travis-ci.org/apache/incubator-servicecomb-java-chassis/builds/323170611,jiangning9@huawei.com,006e1636-b132-4665-b62f-74011e6691b2_pp-01-2018-week-1
326052471,325947791,PASSING_AND_PASSING_WITH_TEST_CHANGES,runelite/runelite,10/05/18 22:32,10/05/2018,spirals-repairnator,http://travis-ci.org/runelite/runelite/builds/326052471,http://travis-ci.org/runelite/runelite/builds/325947791,Adam@anope.org,006e1636-b132-4665-b62f-74011e6691b2_pp-01-2018-week-1
325947791,325928215,PASSING_AND_PASSING_WITH_TEST_CHANGES,runelite/runelite,10/05/18 22:32,10/05/2018,spirals-repairnator,http://travis-ci.org/runelite/runelite/builds/325947791,http://travis-ci.org/runelite/runelite/builds/325928215,Adam@anope.org,006e1636-b132-4665-b62f-74011e6691b2_pp-01-2018-week-1
325942611,324462287,PASSING_AND_PASSING_WITH_TEST_CHANGES,runelite/runelite,10/05/18 22:32,10/05/2018,spirals-repairnator,http://travis-ci.org/runelite/runelite/builds/325942611,http://travis-ci.org/runelite/runelite/builds/324462287,noreply@github.com,006e1636-b132-4665-b62f-74011e6691b2_pp-01-2018-week-1
325940466,325774163,PASSING_AND_PASSING_WITH_TEST_CHANGES,runelite/runelite,10/05/18 22:32,10/05/2018,spirals-repairnator,http://travis-ci.org/runelite/runelite/builds/325940466,http://travis-ci.org/runelite/runelite/builds/325774163,noreply@github.com,006e1636-b132-4665-b62f-74011e6691b2_pp-01-2018-week-1
325928215,325927842,PASSING_AND_PASSING_WITH_TEST_CHANGES,runelite/runelite,10/05/18 22:32,10/05/2018,spirals-repairnator,http://travis-ci.org/runelite/runelite/builds/325928215,http://travis-ci.org/runelite/runelite/builds/325927842,noreply@github.com,006e1636-b132-4665-b62f-74011e6691b2_pp-01-2018-week-1
325925000,325920879,PASSING_AND_PASSING_WITH_TEST_CHANGES,runelite/runelite,10/05/18 22:32,10/05/2018,spirals-repairnator,http://travis-ci.org/runelite/runelite/builds/325925000,http://travis-ci.org/runelite/runelite/builds/325920879,noreply@github.com,006e1636-b132-4665-b62f-74011e6691b2_pp-01-2018-week-1
324969922,324466880,PASSING_AND_PASSING_WITH_TEST_CHANGES,runelite/runelite,10/05/18 22:32,10/05/2018,spirals-repairnator,http://travis-ci.org/runelite/runelite/builds/324969922,http://travis-ci.org/runelite/runelite/builds/324466880,noreply@github.com,006e1636-b132-4665-b62f-74011e6691b2_pp-01-2018-week-1
324764794,324702086,PASSING_AND_PASSING_WITH_TEST_CHANGES,runelite/runelite,10/05/18 22:32,10/05/2018,spirals-repairnator,http://travis-ci.org/runelite/runelite/builds/324764794,http://travis-ci.org/runelite/runelite/builds/324702086,noreply@github.com,006e1636-b132-4665-b62f-74011e6691b2_pp-01-2018-week-1
324466340,314900009,PASSING_AND_PASSING_WITH_TEST_CHANGES,runelite/runelite,10/05/18 22:32,10/05/2018,spirals-repairnator,http://travis-ci.org/runelite/runelite/builds/324466340,http://travis-ci.org/runelite/runelite/builds/314900009,noreply@github.com,006e1636-b132-4665-b62f-74011e6691b2_pp-01-2018-week-1
324462287,323046288,PASSING_AND_PASSING_WITH_TEST_CHANGES,runelite/runelite,10/05/18 22:32,10/05/2018,spirals-repairnator,http://travis-ci.org/runelite/runelite/builds/324462287,http://travis-ci.org/runelite/runelite/builds/323046288,noreply@github.com,006e1636-b132-4665-b62f-74011e6691b2_pp-01-2018-week-1
324129287,323825797,PASSING_AND_PASSING_WITH_TEST_CHANGES,runelite/runelite,10/05/18 22:32,10/05/2018,spirals-repairnator,http://travis-ci.org/runelite/runelite/builds/324129287,http://travis-ci.org/runelite/runelite/builds/323825797,noreply@github.com,006e1636-b132-4665-b62f-74011e6691b2_pp-01-2018-week-1
324126398,324122858,PASSING_AND_PASSING_WITH_TEST_CHANGES,runelite/runelite,10/05/18 22:32,10/05/2018,spirals-repairnator,http://travis-ci.org/runelite/runelite/builds/324126398,http://travis-ci.org/runelite/runelite/builds/324122858,noreply@github.com,006e1636-b132-4665-b62f-74011e6691b2_pp-01-2018-week-1
325285964,325283718,PASSING_AND_PASSING_WITH_TEST_CHANGES,CorfuDB/CorfuDB,10/05/18 22:32,10/05/2018,spirals-repairnator,http://travis-ci.org/CorfuDB/CorfuDB/builds/325285964,http://travis-ci.org/CorfuDB/CorfuDB/builds/325283718,maithem.mun@gmail.com,006e1636-b132-4665-b62f-74011e6691b2_pp-01-2018-week-1
325285980,325283766,PASSING_AND_PASSING_WITH_TEST_CHANGES,CorfuDB/CorfuDB,10/05/18 22:32,10/05/2018,spirals-repairnator,http://travis-ci.org/CorfuDB/CorfuDB/builds/325285980,http://travis-ci.org/CorfuDB/CorfuDB/builds/325283766,noreply@github.com,006e1636-b132-4665-b62f-74011e6691b2_pp-01-2018-week-1
325283718,324952609,PASSING_AND_PASSING_WITH_TEST_CHANGES,CorfuDB/CorfuDB,10/05/18 22:33,10/05/2018,spirals-repairnator,http://travis-ci.org/CorfuDB/CorfuDB/builds/325283718,http://travis-ci.org/CorfuDB/CorfuDB/builds/324952609,maithem.mun@gmail.com,006e1636-b132-4665-b62f-74011e6691b2_pp-01-2018-week-1
325283766,324952622,PASSING_AND_PASSING_WITH_TEST_CHANGES,CorfuDB/CorfuDB,10/05/18 22:33,10/05/2018,spirals-repairnator,http://travis-ci.org/CorfuDB/CorfuDB/builds/325283766,http://travis-ci.org/CorfuDB/CorfuDB/builds/324952622,noreply@github.com,006e1636-b132-4665-b62f-74011e6691b2_pp-01-2018-week-1
325271742,262946185,PASSING_AND_PASSING_WITH_TEST_CHANGES,CorfuDB/CorfuDB,10/05/18 22:33,10/05/2018,spirals-repairnator,http://travis-ci.org/CorfuDB/CorfuDB/builds/325271742,http://travis-ci.org/CorfuDB/CorfuDB/builds/262946185,maithem.mun@gmail.com,006e1636-b132-4665-b62f-74011e6691b2_pp-01-2018-week-1
324889710,324683040,PASSING_AND_PASSING_WITH_TEST_CHANGES,pabender/JMRI,10/05/18 22:33,10/05/2018,spirals-repairnator,http://travis-ci.org/pabender/JMRI/builds/324889710,http://travis-ci.org/pabender/JMRI/builds/324683040,paul.bender@acm.org,006e1636-b132-4665-b62f-74011e6691b2_pp-01-2018-week-1
324889755,324259166,PASSING_AND_PASSING_WITH_TEST_CHANGES,pabender/JMRI,10/05/18 22:33,10/05/2018,spirals-repairnator,http://travis-ci.org/pabender/JMRI/builds/324889755,http://travis-ci.org/pabender/JMRI/builds/324259166,noreply@github.com,006e1636-b132-4665-b62f-74011e6691b2_pp-01-2018-week-1
324683040,324261170,PASSING_AND_PASSING_WITH_TEST_CHANGES,pabender/JMRI,10/05/18 22:33,10/05/2018,spirals-repairnator,http://travis-ci.org/pabender/JMRI/builds/324683040,http://travis-ci.org/pabender/JMRI/builds/324261170,paul.bender@acm.org,006e1636-b132-4665-b62f-74011e6691b2_pp-01-2018-week-1
324432218,323013371,PASSING_AND_PASSING_WITH_TEST_CHANGES,apache/calcite,10/05/18 22:33,10/05/2018,spirals-repairnator,http://travis-ci.org/apache/calcite/builds/324432218,http://travis-ci.org/apache/calcite/builds/323013371,jhyde@apache.org,006e1636-b132-4665-b62f-74011e6691b2_pp-01-2018-week-1
324352154,324327208,PASSING_AND_PASSING_WITH_TEST_CHANGES,apache/storm,10/05/18 22:33,10/05/2018,spirals-repairnator,http://travis-ci.org/apache/storm/builds/324352154,http://travis-ci.org/apache/storm/builds/324327208,noreply@github.com,006e1636-b132-4665-b62f-74011e6691b2_pp-01-2018-week-1
324314950,322757929,PASSING_AND_PASSING_WITH_TEST_CHANGES,apache/storm,10/05/18 22:33,10/05/2018,spirals-repairnator,http://travis-ci.org/apache/storm/builds/324314950,http://travis-ci.org/apache/storm/builds/322757929,evans@yahoo-inc.com,006e1636-b132-4665-b62f-74011e6691b2_pp-01-2018-week-1
325630207,325561192,PASSING_AND_PASSING_WITH_TEST_CHANGES,linkedin/pinot,10/05/18 22:33,10/05/2018,spirals-repairnator,http://travis-ci.org/linkedin/pinot/builds/325630207,http://travis-ci.org/linkedin/pinot/builds/325561192,noreply@github.com,006e1636-b132-4665-b62f-74011e6691b2_pp-01-2018-week-1
324794035,324768142,PASSING_AND_PASSING_WITH_TEST_CHANGES,linkedin/pinot,10/05/18 22:33,10/05/2018,spirals-repairnator,http://travis-ci.org/linkedin/pinot/builds/324794035,http://travis-ci.org/linkedin/pinot/builds/324768142,noreply@github.com,006e1636-b132-4665-b62f-74011e6691b2_pp-01-2018-week-1
324768142,324753150,PASSING_AND_PASSING_WITH_TEST_CHANGES,linkedin/pinot,10/05/18 22:33,10/05/2018,spirals-repairnator,http://travis-ci.org/linkedin/pinot/builds/324768142,http://travis-ci.org/linkedin/pinot/builds/324753150,noreply@github.com,006e1636-b132-4665-b62f-74011e6691b2_pp-01-2018-week-1
324773003,324422002,PASSING_AND_PASSING_WITH_TEST_CHANGES,linkedin/pinot,10/05/18 22:33,10/05/2018,spirals-repairnator,http://travis-ci.org/linkedin/pinot/builds/324773003,http://travis-ci.org/linkedin/pinot/builds/324422002,noreply@github.com,006e1636-b132-4665-b62f-74011e6691b2_pp-01-2018-week-1
324435460,324413263,PASSING_AND_PASSING_WITH_TEST_CHANGES,linkedin/pinot,10/05/18 22:33,10/05/2018,spirals-repairnator,http://travis-ci.org/linkedin/pinot/builds/324435460,http://travis-ci.org/linkedin/pinot/builds/324413263,noreply@github.com,006e1636-b132-4665-b62f-74011e6691b2_pp-01-2018-week-1
324422002,324256322,PASSING_AND_PASSING_WITH_TEST_CHANGES,linkedin/pinot,10/05/18 22:33,10/05/2018,spirals-repairnator,http://travis-ci.org/linkedin/pinot/builds/324422002,http://travis-ci.org/linkedin/pinot/builds/324256322,noreply@github.com,006e1636-b132-4665-b62f-74011e6691b2_pp-01-2018-week-1
325152047,324855779,PASSING_AND_PASSING_WITH_TEST_CHANGES,HubSpot/Singularity,10/05/18 22:33,10/05/2018,spirals-repairnator,http://travis-ci.org/HubSpot/Singularity/builds/325152047,http://travis-ci.org/HubSpot/Singularity/builds/324855779,noreply@github.com,006e1636-b132-4665-b62f-74011e6691b2_pp-01-2018-week-1
324855779,324850297,PASSING_AND_PASSING_WITH_TEST_CHANGES,HubSpot/Singularity,10/05/18 22:33,10/05/2018,spirals-repairnator,http://travis-ci.org/HubSpot/Singularity/builds/324855779,http://travis-ci.org/HubSpot/Singularity/builds/324850297,noreply@github.com,006e1636-b132-4665-b62f-74011e6691b2_pp-01-2018-week-1
325229129,325220252,PASSING_AND_PASSING_WITH_TEST_CHANGES,magefree/mage,10/05/18 22:33,10/05/2018,spirals-repairnator,http://travis-ci.org/magefree/mage/builds/325229129,http://travis-ci.org/magefree/mage/builds/325220252,jaydi85@gmail.com,006e1636-b132-4665-b62f-74011e6691b2_pp-01-2018-week-1
324761560,324714769,PASSING_AND_PASSING_WITH_TEST_CHANGES,magefree/mage,10/05/18 22:33,10/05/2018,spirals-repairnator,http://travis-ci.org/magefree/mage/builds/324761560,http://travis-ci.org/magefree/mage/builds/324714769,jaydi85@gmail.com,006e1636-b132-4665-b62f-74011e6691b2_pp-01-2018-week-1
324373838,324206384,PASSING_AND_PASSING_WITH_TEST_CHANGES,magefree/mage,10/05/18 22:33,10/05/2018,spirals-repairnator,http://travis-ci.org/magefree/mage/builds/324373838,http://travis-ci.org/magefree/mage/builds/324206384,ludwig.hirth@online.de,006e1636-b132-4665-b62f-74011e6691b2_pp-01-2018-week-1
323813718,323777409,PASSING_AND_PASSING_WITH_TEST_CHANGES,magefree/mage,10/05/18 22:33,10/05/2018,spirals-repairnator,http://travis-ci.org/magefree/mage/builds/323813718,http://travis-ci.org/magefree/mage/builds/323777409,jaydi85@gmail.com,006e1636-b132-4665-b62f-74011e6691b2_pp-01-2018-week-1
325364815,325348484,PASSING_AND_PASSING_WITH_TEST_CHANGES,molgenis/molgenis,10/05/18 22:33,10/05/2018,spirals-repairnator,http://travis-ci.org/molgenis/molgenis/builds/325364815,http://travis-ci.org/molgenis/molgenis/builds/325348484,noreply@github.com,006e1636-b132-4665-b62f-74011e6691b2_pp-01-2018-week-1
325082390,325072128,PASSING_AND_PASSING_WITH_TEST_CHANGES,molgenis/molgenis,10/05/18 22:33,10/05/2018,spirals-repairnator,http://travis-ci.org/molgenis/molgenis/builds/325082390,http://travis-ci.org/molgenis/molgenis/builds/325072128,noreply@github.com,006e1636-b132-4665-b62f-74011e6691b2_pp-01-2018-week-1
325072128,325067979,PASSING_AND_PASSING_WITH_TEST_CHANGES,molgenis/molgenis,10/05/18 22:33,10/05/2018,spirals-repairnator,http://travis-ci.org/molgenis/molgenis/builds/325072128,http://travis-ci.org/molgenis/molgenis/builds/325067979,noreply@github.com,006e1636-b132-4665-b62f-74011e6691b2_pp-01-2018-week-1
324066186,323565091,PASSING_AND_PASSING_WITH_TEST_CHANGES,molgenis/molgenis,10/05/18 22:33,10/05/2018,spirals-repairnator,http://travis-ci.org/molgenis/molgenis/builds/324066186,http://travis-ci.org/molgenis/molgenis/builds/323565091,noreply@github.com,006e1636-b132-4665-b62f-74011e6691b2_pp-01-2018-week-1
324595647,322923940,PASSING_AND_PASSING_WITH_TEST_CHANGES,algolia/algoliasearch-client-java-2,10/05/18 22:33,10/05/2018,spirals-repairnator,http://travis-ci.org/algolia/algoliasearch-client-java-2/builds/324595647,http://travis-ci.org/algolia/algoliasearch-client-java-2/builds/322923940,noreply@github.com,006e1636-b132-4665-b62f-74011e6691b2_pp-01-2018-week-1
324543369,324507995,PASSING_AND_PASSING_WITH_TEST_CHANGES,algolia/algoliasearch-client-java-2,10/05/18 22:33,10/05/2018,spirals-repairnator,http://travis-ci.org/algolia/algoliasearch-client-java-2/builds/324543369,http://travis-ci.org/algolia/algoliasearch-client-java-2/builds/324507995,noreply@github.com,006e1636-b132-4665-b62f-74011e6691b2_pp-01-2018-week-1
324543299,324507951,PASSING_AND_PASSING_WITH_TEST_CHANGES,algolia/algoliasearch-client-java-2,10/05/18 22:33,10/05/2018,spirals-repairnator,http://travis-ci.org/algolia/algoliasearch-client-java-2/builds/324543299,http://travis-ci.org/algolia/algoliasearch-client-java-2/builds/324507951,git@schermesser.com,006e1636-b132-4665-b62f-74011e6691b2_pp-01-2018-week-1
325142954,324881843,PASSING_AND_PASSING_WITH_TEST_CHANGES,visallo/vertexium,10/05/18 22:33,10/05/2018,spirals-repairnator,http://travis-ci.org/visallo/vertexium/builds/325142954,http://travis-ci.org/visallo/vertexium/builds/324881843,matt.wizeman@gmail.com,006e1636-b132-4665-b62f-74011e6691b2_pp-01-2018-week-1
324882431,324829138,PASSING_AND_PASSING_WITH_TEST_CHANGES,visallo/vertexium,10/05/18 22:33,10/05/2018,spirals-repairnator,http://travis-ci.org/visallo/vertexium/builds/324882431,http://travis-ci.org/visallo/vertexium/builds/324829138,noreply@github.com,006e1636-b132-4665-b62f-74011e6691b2_pp-01-2018-week-1
324881843,324684873,PASSING_AND_PASSING_WITH_TEST_CHANGES,visallo/vertexium,10/05/18 22:33,10/05/2018,spirals-repairnator,http://travis-ci.org/visallo/vertexium/builds/324881843,http://travis-ci.org/visallo/vertexium/builds/324684873,matt.wizeman@gmail.com,006e1636-b132-4665-b62f-74011e6691b2_pp-01-2018-week-1
324829138,323478417,PASSING_AND_PASSING_WITH_TEST_CHANGES,visallo/vertexium,10/05/18 22:33,10/05/2018,spirals-repairnator,http://travis-ci.org/visallo/vertexium/builds/324829138,http://travis-ci.org/visallo/vertexium/builds/323478417,noreply@github.com,006e1636-b132-4665-b62f-74011e6691b2_pp-01-2018-week-1
324825458,323476221,PASSING_AND_PASSING_WITH_TEST_CHANGES,visallo/vertexium,10/05/18 22:33,10/05/2018,spirals-repairnator,http://travis-ci.org/visallo/vertexium/builds/324825458,http://travis-ci.org/visallo/vertexium/builds/323476221,noreply@github.com,006e1636-b132-4665-b62f-74011e6691b2_pp-01-2018-week-1
324684873,318632363,PASSING_AND_PASSING_WITH_TEST_CHANGES,visallo/vertexium,10/05/18 22:33,10/05/2018,spirals-repairnator,http://travis-ci.org/visallo/vertexium/builds/324684873,http://travis-ci.org/visallo/vertexium/builds/318632363,matt.wizeman@gmail.com,006e1636-b132-4665-b62f-74011e6691b2_pp-01-2018-week-1
326091576,326088161,PASSING_AND_PASSING_WITH_TEST_CHANGES,StuPro-TOSCAna/TOSCAna,10/05/18 22:33,10/05/2018,spirals-repairnator,http://travis-ci.org/StuPro-TOSCAna/TOSCAna/builds/326091576,http://travis-ci.org/StuPro-TOSCAna/TOSCAna/builds/326088161,jmuell.dev@gmail.com,006e1636-b132-4665-b62f-74011e6691b2_pp-01-2018-week-1
326088347,326074391,PASSING_AND_PASSING_WITH_TEST_CHANGES,StuPro-TOSCAna/TOSCAna,10/05/18 22:33,10/05/2018,spirals-repairnator,http://travis-ci.org/StuPro-TOSCAna/TOSCAna/builds/326088347,http://travis-ci.org/StuPro-TOSCAna/TOSCAna/builds/326074391,noreply@github.com,006e1636-b132-4665-b62f-74011e6691b2_pp-01-2018-week-1
326084523,326072494,PASSING_AND_PASSING_WITH_TEST_CHANGES,StuPro-TOSCAna/TOSCAna,10/05/18 22:33,10/05/2018,spirals-repairnator,http://travis-ci.org/StuPro-TOSCAna/TOSCAna/builds/326084523,http://travis-ci.org/StuPro-TOSCAna/TOSCAna/builds/326072494,noreply@github.com,006e1636-b132-4665-b62f-74011e6691b2_pp-01-2018-week-1
326084529,326072496,PASSING_AND_PASSING_WITH_TEST_CHANGES,StuPro-TOSCAna/TOSCAna,10/05/18 22:33,10/05/2018,spirals-repairnator,http://travis-ci.org/StuPro-TOSCAna/TOSCAna/builds/326084529,http://travis-ci.org/StuPro-TOSCAna/TOSCAna/builds/326072496,noreply@github.com,006e1636-b132-4665-b62f-74011e6691b2_pp-01-2018-week-1
326074391,325828725,PASSING_AND_PASSING_WITH_TEST_CHANGES,StuPro-TOSCAna/TOSCAna,10/05/18 22:33,10/05/2018,spirals-repairnator,http://travis-ci.org/StuPro-TOSCAna/TOSCAna/builds/326074391,http://travis-ci.org/StuPro-TOSCAna/TOSCAna/builds/325828725,cmueller.dev@gmail.com,006e1636-b132-4665-b62f-74011e6691b2_pp-01-2018-week-1
325625394,325205895,PASSING_AND_PASSING_WITH_TEST_CHANGES,StuPro-TOSCAna/TOSCAna,10/05/18 22:33,10/05/2018,spirals-repairnator,http://travis-ci.org/StuPro-TOSCAna/TOSCAna/builds/325625394,http://travis-ci.org/StuPro-TOSCAna/TOSCAna/builds/325205895,noreply@github.com,006e1636-b132-4665-b62f-74011e6691b2_pp-01-2018-week-1
325625388,325205881,PASSING_AND_PASSING_WITH_TEST_CHANGES,StuPro-TOSCAna/TOSCAna,10/05/18 22:33,10/05/2018,spirals-repairnator,http://travis-ci.org/StuPro-TOSCAna/TOSCAna/builds/325625388,http://travis-ci.org/StuPro-TOSCAna/TOSCAna/builds/325205881,jmuell.dev@gmail.com,006e1636-b132-4665-b62f-74011e6691b2_pp-01-2018-week-1
325205895,324962286,PASSING_AND_PASSING_WITH_TEST_CHANGES,StuPro-TOSCAna/TOSCAna,10/05/18 22:33,10/05/2018,spirals-repairnator,http://travis-ci.org/StuPro-TOSCAna/TOSCAna/builds/325205895,http://travis-ci.org/StuPro-TOSCAna/TOSCAna/builds/324962286,noreply@github.com,006e1636-b132-4665-b62f-74011e6691b2_pp-01-2018-week-1
325205881,324962273,PASSING_AND_PASSING_WITH_TEST_CHANGES,StuPro-TOSCAna/TOSCAna,10/05/18 22:33,10/05/2018,spirals-repairnator,http://travis-ci.org/StuPro-TOSCAna/TOSCAna/builds/325205881,http://travis-ci.org/StuPro-TOSCAna/TOSCAna/builds/324962273,jmuell.dev@gmail.com,006e1636-b132-4665-b62f-74011e6691b2_pp-01-2018-week-1
325034403,324848225,PASSING_AND_PASSING_WITH_TEST_CHANGES,StuPro-TOSCAna/TOSCAna,10/05/18 22:33,10/05/2018,spirals-repairnator,http://travis-ci.org/StuPro-TOSCAna/TOSCAna/builds/325034403,http://travis-ci.org/StuPro-TOSCAna/TOSCAna/builds/324848225,noreply@github.com,006e1636-b132-4665-b62f-74011e6691b2_pp-01-2018-week-1
325031910,322632309,PASSING_AND_PASSING_WITH_TEST_CHANGES,StuPro-TOSCAna/TOSCAna,10/05/18 22:33,10/05/2018,spirals-repairnator,http://travis-ci.org/StuPro-TOSCAna/TOSCAna/builds/325031910,http://travis-ci.org/StuPro-TOSCAna/TOSCAna/builds/322632309,noreply@github.com,006e1636-b132-4665-b62f-74011e6691b2_pp-01-2018-week-1
325031971,322632316,PASSING_AND_PASSING_WITH_TEST_CHANGES,StuPro-TOSCAna/TOSCAna,10/05/18 22:33,10/05/2018,spirals-repairnator,http://travis-ci.org/StuPro-TOSCAna/TOSCAna/builds/325031971,http://travis-ci.org/StuPro-TOSCAna/TOSCAna/builds/322632316,noreply@github.com,006e1636-b132-4665-b62f-74011e6691b2_pp-01-2018-week-1
324962286,324935251,PASSING_AND_PASSING_WITH_TEST_CHANGES,StuPro-TOSCAna/TOSCAna,10/05/18 22:33,10/05/2018,spirals-repairnator,http://travis-ci.org/StuPro-TOSCAna/TOSCAna/builds/324962286,http://travis-ci.org/StuPro-TOSCAna/TOSCAna/builds/324935251,noreply@github.com,006e1636-b132-4665-b62f-74011e6691b2_pp-01-2018-week-1
324962273,324935241,PASSING_AND_PASSING_WITH_TEST_CHANGES,StuPro-TOSCAna/TOSCAna,10/05/18 22:33,10/05/2018,spirals-repairnator,http://travis-ci.org/StuPro-TOSCAna/TOSCAna/builds/324962273,http://travis-ci.org/StuPro-TOSCAna/TOSCAna/builds/324935241,jmuell.dev@gmail.com,006e1636-b132-4665-b62f-74011e6691b2_pp-01-2018-week-1
324935251,324931704,PASSING_AND_PASSING_WITH_TEST_CHANGES,StuPro-TOSCAna/TOSCAna,10/05/18 22:33,10/05/2018,spirals-repairnator,http://travis-ci.org/StuPro-TOSCAna/TOSCAna/builds/324935251,http://travis-ci.org/StuPro-TOSCAna/TOSCAna/builds/324931704,noreply@github.com,006e1636-b132-4665-b62f-74011e6691b2_pp-01-2018-week-1
324931704,324754998,PASSING_AND_PASSING_WITH_TEST_CHANGES,StuPro-TOSCAna/TOSCAna,10/05/18 22:33,10/05/2018,spirals-repairnator,http://travis-ci.org/StuPro-TOSCAna/TOSCAna/builds/324931704,http://travis-ci.org/StuPro-TOSCAna/TOSCAna/builds/324754998,noreply@github.com,006e1636-b132-4665-b62f-74011e6691b2_pp-01-2018-week-1
324931695,324754979,PASSING_AND_PASSING_WITH_TEST_CHANGES,StuPro-TOSCAna/TOSCAna,10/05/18 22:33,10/05/2018,spirals-repairnator,http://travis-ci.org/StuPro-TOSCAna/TOSCAna/builds/324931695,http://travis-ci.org/StuPro-TOSCAna/TOSCAna/builds/324754979,jmuell.dev@gmail.com,006e1636-b132-4665-b62f-74011e6691b2_pp-01-2018-week-1
324848225,324329810,PASSING_AND_PASSING_WITH_TEST_CHANGES,StuPro-TOSCAna/TOSCAna,10/05/18 22:33,10/05/2018,spirals-repairnator,http://travis-ci.org/StuPro-TOSCAna/TOSCAna/builds/324848225,http://travis-ci.org/StuPro-TOSCAna/TOSCAna/builds/324329810,cmueller.dev@gmail.com,006e1636-b132-4665-b62f-74011e6691b2_pp-01-2018-week-1
324846220,324846059,PASSING_AND_PASSING_WITH_TEST_CHANGES,StuPro-TOSCAna/TOSCAna,10/05/18 22:33,10/05/2018,spirals-repairnator,http://travis-ci.org/StuPro-TOSCAna/TOSCAna/builds/324846220,http://travis-ci.org/StuPro-TOSCAna/TOSCAna/builds/324846059,noreply@github.com,006e1636-b132-4665-b62f-74011e6691b2_pp-01-2018-week-1
324846059,324845036,PASSING_AND_PASSING_WITH_TEST_CHANGES,StuPro-TOSCAna/TOSCAna,10/05/18 22:33,10/05/2018,spirals-repairnator,http://travis-ci.org/StuPro-TOSCAna/TOSCAna/builds/324846059,http://travis-ci.org/StuPro-TOSCAna/TOSCAna/builds/324845036,noreply@github.com,006e1636-b132-4665-b62f-74011e6691b2_pp-01-2018-week-1
324632512,324603712,PASSING_AND_PASSING_WITH_TEST_CHANGES,StuPro-TOSCAna/TOSCAna,10/05/18 22:33,10/05/2018,spirals-repairnator,http://travis-ci.org/StuPro-TOSCAna/TOSCAna/builds/324632512,http://travis-ci.org/StuPro-TOSCAna/TOSCAna/builds/324603712,jmuell.dev@gmail.com,006e1636-b132-4665-b62f-74011e6691b2_pp-01-2018-week-1
324632450,324603726,PASSING_AND_PASSING_WITH_TEST_CHANGES,StuPro-TOSCAna/TOSCAna,10/05/18 22:33,10/05/2018,spirals-repairnator,http://travis-ci.org/StuPro-TOSCAna/TOSCAna/builds/324632450,http://travis-ci.org/StuPro-TOSCAna/TOSCAna/builds/324603726,noreply@github.com,006e1636-b132-4665-b62f-74011e6691b2_pp-01-2018-week-1
324603726,324541900,PASSING_AND_PASSING_WITH_TEST_CHANGES,StuPro-TOSCAna/TOSCAna,10/05/18 22:33,10/05/2018,spirals-repairnator,http://travis-ci.org/StuPro-TOSCAna/TOSCAna/builds/324603726,http://travis-ci.org/StuPro-TOSCAna/TOSCAna/builds/324541900,noreply@github.com,006e1636-b132-4665-b62f-74011e6691b2_pp-01-2018-week-1
324603712,324541898,PASSING_AND_PASSING_WITH_TEST_CHANGES,StuPro-TOSCAna/TOSCAna,10/05/18 22:33,10/05/2018,spirals-repairnator,http://travis-ci.org/StuPro-TOSCAna/TOSCAna/builds/324603712,http://travis-ci.org/StuPro-TOSCAna/TOSCAna/builds/324541898,jmuell.dev@gmail.com,006e1636-b132-4665-b62f-74011e6691b2_pp-01-2018-week-1
324541900,324502613,PASSING_AND_PASSING_WITH_TEST_CHANGES,StuPro-TOSCAna/TOSCAna,10/05/18 22:33,10/05/2018,spirals-repairnator,http://travis-ci.org/StuPro-TOSCAna/TOSCAna/builds/324541900,http://travis-ci.org/StuPro-TOSCAna/TOSCAna/builds/324502613,noreply@github.com,006e1636-b132-4665-b62f-74011e6691b2_pp-01-2018-week-1
324541898,324502560,PASSING_AND_PASSING_WITH_TEST_CHANGES,StuPro-TOSCAna/TOSCAna,10/05/18 22:33,10/05/2018,spirals-repairnator,http://travis-ci.org/StuPro-TOSCAna/TOSCAna/builds/324541898,http://travis-ci.org/StuPro-TOSCAna/TOSCAna/builds/324502560,jmuell.dev@gmail.com,006e1636-b132-4665-b62f-74011e6691b2_pp-01-2018-week-1
324329810,323198045,PASSING_AND_PASSING_WITH_TEST_CHANGES,StuPro-TOSCAna/TOSCAna,10/05/18 22:33,10/05/2018,spirals-repairnator,http://travis-ci.org/StuPro-TOSCAna/TOSCAna/builds/324329810,http://travis-ci.org/StuPro-TOSCAna/TOSCAna/builds/323198045,cmueller.dev@gmail.com,006e1636-b132-4665-b62f-74011e6691b2_pp-01-2018-week-1
324041252,318260458,PASSING_AND_PASSING_WITH_TEST_CHANGES,StuPro-TOSCAna/TOSCAna,10/05/18 22:33,10/05/2018,spirals-repairnator,http://travis-ci.org/StuPro-TOSCAna/TOSCAna/builds/324041252,http://travis-ci.org/StuPro-TOSCAna/TOSCAna/builds/318260458,noreply@github.com,006e1636-b132-4665-b62f-74011e6691b2_pp-01-2018-week-1
324041267,322517875,PASSING_AND_PASSING_WITH_TEST_CHANGES,StuPro-TOSCAna/TOSCAna,10/05/18 22:33,10/05/2018,spirals-repairnator,http://travis-ci.org/StuPro-TOSCAna/TOSCAna/builds/324041267,http://travis-ci.org/StuPro-TOSCAna/TOSCAna/builds/322517875,jmuell.dev@gmail.com,006e1636-b132-4665-b62f-74011e6691b2_pp-01-2018-week-1
326075117,326056891,PASSING_AND_PASSING_WITH_TEST_CHANGES,languagetool-org/languagetool,10/05/18 22:33,10/05/2018,spirals-repairnator,http://travis-ci.org/languagetool-org/languagetool/builds/326075117,http://travis-ci.org/languagetool-org/languagetool/builds/326056891,florianknorr@web.de,006e1636-b132-4665-b62f-74011e6691b2_pp-01-2018-week-1
325296433,324911459,PASSING_AND_PASSING_WITH_TEST_CHANGES,apache/incubator-dubbo,10/05/18 22:33,10/05/2018,spirals-repairnator,http://travis-ci.org/apache/incubator-dubbo/builds/325296433,http://travis-ci.org/apache/incubator-dubbo/builds/324911459,noreply@github.com,006e1636-b132-4665-b62f-74011e6691b2_pp-01-2018-week-1
324911459,324911006,PASSING_AND_PASSING_WITH_TEST_CHANGES,apache/incubator-dubbo,10/05/18 22:33,10/05/2018,spirals-repairnator,http://travis-ci.org/apache/incubator-dubbo/builds/324911459,http://travis-ci.org/apache/incubator-dubbo/builds/324911006,noreply@github.com,006e1636-b132-4665-b62f-74011e6691b2_pp-01-2018-week-1
324911006,324906112,PASSING_AND_PASSING_WITH_TEST_CHANGES,apache/incubator-dubbo,10/05/18 22:33,10/05/2018,spirals-repairnator,http://travis-ci.org/apache/incubator-dubbo/builds/324911006,http://travis-ci.org/apache/incubator-dubbo/builds/324906112,noreply@github.com,006e1636-b132-4665-b62f-74011e6691b2_pp-01-2018-week-1
324906112,324888913,PASSING_AND_PASSING_WITH_TEST_CHANGES,apache/incubator-dubbo,10/05/18 22:33,10/05/2018,spirals-repairnator,http://travis-ci.org/apache/incubator-dubbo/builds/324906112,http://travis-ci.org/apache/incubator-dubbo/builds/324888913,noreply@github.com,006e1636-b132-4665-b62f-74011e6691b2_pp-01-2018-week-1
324905906,324048974,PASSING_AND_PASSING_WITH_TEST_CHANGES,apache/incubator-dubbo,10/05/18 22:33,10/05/2018,spirals-repairnator,http://travis-ci.org/apache/incubator-dubbo/builds/324905906,http://travis-ci.org/apache/incubator-dubbo/builds/324048974,ken.lj.hz@gmail.com,006e1636-b132-4665-b62f-74011e6691b2_pp-01-2018-week-1
324888913,322845507,PASSING_AND_PASSING_WITH_TEST_CHANGES,apache/incubator-dubbo,10/05/18 22:33,10/05/2018,spirals-repairnator,http://travis-ci.org/apache/incubator-dubbo/builds/324888913,http://travis-ci.org/apache/incubator-dubbo/builds/322845507,noreply@github.com,006e1636-b132-4665-b62f-74011e6691b2_pp-01-2018-week-1
324048974,324048405,PASSING_AND_PASSING_WITH_TEST_CHANGES,apache/incubator-dubbo,10/05/18 22:33,10/05/2018,spirals-repairnator,http://travis-ci.org/apache/incubator-dubbo/builds/324048974,http://travis-ci.org/apache/incubator-dubbo/builds/324048405,ken.lj.hz@gmail.com,006e1636-b132-4665-b62f-74011e6691b2_pp-01-2018-week-1
324048405,322136371,PASSING_AND_PASSING_WITH_TEST_CHANGES,apache/incubator-dubbo,10/05/18 22:33,10/05/2018,spirals-repairnator,http://travis-ci.org/apache/incubator-dubbo/builds/324048405,http://travis-ci.org/apache/incubator-dubbo/builds/322136371,noreply@github.com,006e1636-b132-4665-b62f-74011e6691b2_pp-01-2018-week-1
323997696,321360163,PASSING_AND_PASSING_WITH_TEST_CHANGES,apache/incubator-dubbo,10/05/18 22:33,10/05/2018,spirals-repairnator,http://travis-ci.org/apache/incubator-dubbo/builds/323997696,http://travis-ci.org/apache/incubator-dubbo/builds/321360163,noreply@github.com,006e1636-b132-4665-b62f-74011e6691b2_pp-01-2018-week-1
325186310,324714646,PASSING_AND_PASSING_WITH_TEST_CHANGES,ga4gh/dockstore,10/05/18 22:33,10/05/2018,spirals-repairnator,http://travis-ci.org/ga4gh/dockstore/builds/325186310,http://travis-ci.org/ga4gh/dockstore/builds/324714646,noreply@github.com,006e1636-b132-4665-b62f-74011e6691b2_pp-01-2018-week-1
325145597,324715428,PASSING_AND_PASSING_WITH_TEST_CHANGES,ga4gh/dockstore,10/05/18 22:33,10/05/2018,spirals-repairnator,http://travis-ci.org/ga4gh/dockstore/builds/325145597,http://travis-ci.org/ga4gh/dockstore/builds/324715428,noreply@github.com,006e1636-b132-4665-b62f-74011e6691b2_pp-01-2018-week-1
324714646,324707935,PASSING_AND_PASSING_WITH_TEST_CHANGES,ga4gh/dockstore,10/05/18 22:33,10/05/2018,spirals-repairnator,http://travis-ci.org/ga4gh/dockstore/builds/324714646,http://travis-ci.org/ga4gh/dockstore/builds/324707935,denis.yuen@oicr.on.ca,006e1636-b132-4665-b62f-74011e6691b2_pp-01-2018-week-1
324707935,324649735,PASSING_AND_PASSING_WITH_TEST_CHANGES,ga4gh/dockstore,10/05/18 22:33,10/05/2018,spirals-repairnator,http://travis-ci.org/ga4gh/dockstore/builds/324707935,http://travis-ci.org/ga4gh/dockstore/builds/324649735,noreply@github.com,006e1636-b132-4665-b62f-74011e6691b2_pp-01-2018-week-1
324703463,324406088,PASSING_AND_PASSING_WITH_TEST_CHANGES,ga4gh/dockstore,10/05/18 22:33,10/05/2018,spirals-repairnator,http://travis-ci.org/ga4gh/dockstore/builds/324703463,http://travis-ci.org/ga4gh/dockstore/builds/324406088,coverbec@ucsc.edu,006e1636-b132-4665-b62f-74011e6691b2_pp-01-2018-week-1
324681041,317062484,PASSING_AND_PASSING_WITH_TEST_CHANGES,ga4gh/dockstore,10/05/18 22:33,10/05/2018,spirals-repairnator,http://travis-ci.org/ga4gh/dockstore/builds/324681041,http://travis-ci.org/ga4gh/dockstore/builds/317062484,noreply@github.com,006e1636-b132-4665-b62f-74011e6691b2_pp-01-2018-week-1
324606150,319319393,PASSING_AND_PASSING_WITH_TEST_CHANGES,ga4gh/dockstore,10/05/18 22:33,10/05/2018,spirals-repairnator,http://travis-ci.org/ga4gh/dockstore/builds/324606150,http://travis-ci.org/ga4gh/dockstore/builds/319319393,noreply@github.com,006e1636-b132-4665-b62f-74011e6691b2_pp-01-2018-week-1
324606126,319315023,PASSING_AND_PASSING_WITH_TEST_CHANGES,ga4gh/dockstore,10/05/18 22:33,10/05/2018,spirals-repairnator,http://travis-ci.org/ga4gh/dockstore/builds/324606126,http://travis-ci.org/ga4gh/dockstore/builds/319315023,garylau.work@gmail.com,006e1636-b132-4665-b62f-74011e6691b2_pp-01-2018-week-1
324429107,324424874,PASSING_AND_PASSING_WITH_TEST_CHANGES,atomix/atomix,10/05/18 22:33,10/05/2018,spirals-repairnator,http://travis-ci.org/atomix/atomix/builds/324429107,http://travis-ci.org/atomix/atomix/builds/324424874,jordan.halterman@gmail.com,006e1636-b132-4665-b62f-74011e6691b2_pp-01-2018-week-1
325592195,325576871,PASSING_AND_PASSING_WITH_TEST_CHANGES,dropwizard/metrics,10/05/18 22:33,10/05/2018,spirals-repairnator,http://travis-ci.org/dropwizard/metrics/builds/325592195,http://travis-ci.org/dropwizard/metrics/builds/325576871,noreply@github.com,006e1636-b132-4665-b62f-74011e6691b2_pp-01-2018-week-1
325576871,325512995,PASSING_AND_PASSING_WITH_TEST_CHANGES,dropwizard/metrics,10/05/18 22:33,10/05/2018,spirals-repairnator,http://travis-ci.org/dropwizard/metrics/builds/325576871,http://travis-ci.org/dropwizard/metrics/builds/325512995,arteamon@gmail.com,006e1636-b132-4665-b62f-74011e6691b2_pp-01-2018-week-1
325561669,324664367,PASSING_AND_PASSING_WITH_TEST_CHANGES,dropwizard/metrics,10/05/18 22:33,10/05/2018,spirals-repairnator,http://travis-ci.org/dropwizard/metrics/builds/325561669,http://travis-ci.org/dropwizard/metrics/builds/324664367,arteamon@gmail.com,006e1636-b132-4665-b62f-74011e6691b2_pp-01-2018-week-1
325556777,325462460,PASSING_AND_PASSING_WITH_TEST_CHANGES,dropwizard/metrics,10/05/18 22:33,10/05/2018,spirals-repairnator,http://travis-ci.org/dropwizard/metrics/builds/325556777,http://travis-ci.org/dropwizard/metrics/builds/325462460,arteamon@gmail.com,006e1636-b132-4665-b62f-74011e6691b2_pp-01-2018-week-1
325462460,325229788,PASSING_AND_PASSING_WITH_TEST_CHANGES,dropwizard/metrics,10/05/18 22:33,10/05/2018,spirals-repairnator,http://travis-ci.org/dropwizard/metrics/builds/325462460,http://travis-ci.org/dropwizard/metrics/builds/325229788,arteamon@gmail.com,006e1636-b132-4665-b62f-74011e6691b2_pp-01-2018-week-1
325229788,325228789,PASSING_AND_PASSING_WITH_TEST_CHANGES,dropwizard/metrics,10/05/18 22:33,10/05/2018,spirals-repairnator,http://travis-ci.org/dropwizard/metrics/builds/325229788,http://travis-ci.org/dropwizard/metrics/builds/325228789,arteamon@gmail.com,006e1636-b132-4665-b62f-74011e6691b2_pp-01-2018-week-1
325193792,324727805,PASSING_AND_PASSING_WITH_TEST_CHANGES,dropwizard/metrics,10/05/18 22:33,10/05/2018,spirals-repairnator,http://travis-ci.org/dropwizard/metrics/builds/325193792,http://travis-ci.org/dropwizard/metrics/builds/324727805,arteamon@gmail.com,006e1636-b132-4665-b62f-74011e6691b2_pp-01-2018-week-1
325321953,325032009,PASSING_AND_PASSING_WITH_TEST_CHANGES,openzipkin/zipkin,10/05/18 22:33,10/05/2018,spirals-repairnator,http://travis-ci.org/openzipkin/zipkin/builds/325321953,http://travis-ci.org/openzipkin/zipkin/builds/325032009,noreply@github.com,006e1636-b132-4665-b62f-74011e6691b2_pp-01-2018-week-1
324260630,317503857,PASSING_AND_PASSING_WITH_TEST_CHANGES,openzipkin/zipkin,10/05/18 22:33,10/05/2018,spirals-repairnator,http://travis-ci.org/openzipkin/zipkin/builds/324260630,http://travis-ci.org/openzipkin/zipkin/builds/317503857,noreply@github.com,006e1636-b132-4665-b62f-74011e6691b2_pp-01-2018-week-1
325673419,213340160,PASSING_AND_PASSING_WITH_TEST_CHANGES,pgjdbc/pgjdbc,10/05/18 22:33,10/05/2018,spirals-repairnator,http://travis-ci.org/pgjdbc/pgjdbc/builds/325673419,http://travis-ci.org/pgjdbc/pgjdbc/builds/213340160,noreply@github.com,006e1636-b132-4665-b62f-74011e6691b2_pp-01-2018-week-1
323666463,323394270,PASSING_AND_PASSING_WITH_TEST_CHANGES,pgjdbc/pgjdbc,10/05/18 22:33,10/05/2018,spirals-repairnator,http://travis-ci.org/pgjdbc/pgjdbc/builds/323666463,http://travis-ci.org/pgjdbc/pgjdbc/builds/323394270,noreply@github.com,006e1636-b132-4665-b62f-74011e6691b2_pp-01-2018-week-1
325555988,325544460,PASSING_AND_PASSING_WITH_TEST_CHANGES,geoserver/geoserver,10/05/18 22:33,10/05/2018,spirals-repairnator,http://travis-ci.org/geoserver/geoserver/builds/325555988,http://travis-ci.org/geoserver/geoserver/builds/325544460,andrea.aime@gmail.com,006e1636-b132-4665-b62f-74011e6691b2_pp-01-2018-week-1
325542578,325528488,PASSING_AND_PASSING_WITH_TEST_CHANGES,geoserver/geoserver,10/05/18 22:33,10/05/2018,spirals-repairnator,http://travis-ci.org/geoserver/geoserver/builds/325542578,http://travis-ci.org/geoserver/geoserver/builds/325528488,noreply@github.com,006e1636-b132-4665-b62f-74011e6691b2_pp-01-2018-week-1
325528488,325471627,PASSING_AND_PASSING_WITH_TEST_CHANGES,geoserver/geoserver,10/05/18 22:33,10/05/2018,spirals-repairnator,http://travis-ci.org/geoserver/geoserver/builds/325528488,http://travis-ci.org/geoserver/geoserver/builds/325471627,noreply@github.com,006e1636-b132-4665-b62f-74011e6691b2_pp-01-2018-week-1
325471627,325456454,PASSING_AND_PASSING_WITH_TEST_CHANGES,geoserver/geoserver,10/05/18 22:33,10/05/2018,spirals-repairnator,http://travis-ci.org/geoserver/geoserver/builds/325471627,http://travis-ci.org/geoserver/geoserver/builds/325456454,andrea.aime@gmail.com,006e1636-b132-4665-b62f-74011e6691b2_pp-01-2018-week-1
325450383,325112966,PASSING_AND_PASSING_WITH_TEST_CHANGES,geoserver/geoserver,10/05/18 22:33,10/05/2018,spirals-repairnator,http://travis-ci.org/geoserver/geoserver/builds/325450383,http://travis-ci.org/geoserver/geoserver/builds/325112966,noreply@github.com,006e1636-b132-4665-b62f-74011e6691b2_pp-01-2018-week-1
325446375,325400484,PASSING_AND_PASSING_WITH_TEST_CHANGES,geoserver/geoserver,10/05/18 22:33,10/05/2018,spirals-repairnator,http://travis-ci.org/geoserver/geoserver/builds/325446375,http://travis-ci.org/geoserver/geoserver/builds/325400484,andrea.aime@gmail.com,006e1636-b132-4665-b62f-74011e6691b2_pp-01-2018-week-1
325112966,324594942,PASSING_AND_PASSING_WITH_TEST_CHANGES,geoserver/geoserver,10/05/18 22:33,10/05/2018,spirals-repairnator,http://travis-ci.org/geoserver/geoserver/builds/325112966,http://travis-ci.org/geoserver/geoserver/builds/324594942,noreply@github.com,006e1636-b132-4665-b62f-74011e6691b2_pp-01-2018-week-1
324685337,323379913,PASSING_AND_PASSING_WITH_TEST_CHANGES,geoserver/geoserver,10/05/18 22:33,10/05/2018,spirals-repairnator,http://travis-ci.org/geoserver/geoserver/builds/324685337,http://travis-ci.org/geoserver/geoserver/builds/323379913,noreply@github.com,006e1636-b132-4665-b62f-74011e6691b2_pp-01-2018-week-1
324576158,324563122,PASSING_AND_PASSING_WITH_TEST_CHANGES,geoserver/geoserver,10/05/18 22:33,10/05/2018,spirals-repairnator,http://travis-ci.org/geoserver/geoserver/builds/324576158,http://travis-ci.org/geoserver/geoserver/builds/324563122,noreply@github.com,006e1636-b132-4665-b62f-74011e6691b2_pp-01-2018-week-1
324563122,324409519,PASSING_AND_PASSING_WITH_TEST_CHANGES,geoserver/geoserver,10/05/18 22:33,10/05/2018,spirals-repairnator,http://travis-ci.org/geoserver/geoserver/builds/324563122,http://travis-ci.org/geoserver/geoserver/builds/324409519,noreply@github.com,006e1636-b132-4665-b62f-74011e6691b2_pp-01-2018-week-1
324492378,321020642,PASSING_AND_PASSING_WITH_TEST_CHANGES,geoserver/geoserver,10/05/18 22:33,10/05/2018,spirals-repairnator,http://travis-ci.org/geoserver/geoserver/builds/324492378,http://travis-ci.org/geoserver/geoserver/builds/321020642,noreply@github.com,006e1636-b132-4665-b62f-74011e6691b2_pp-01-2018-week-1
324409519,324211527,PASSING_AND_PASSING_WITH_TEST_CHANGES,geoserver/geoserver,10/05/18 22:33,10/05/2018,spirals-repairnator,http://travis-ci.org/geoserver/geoserver/builds/324409519,http://travis-ci.org/geoserver/geoserver/builds/324211527,tbarsballe@boundlessgeo.com,006e1636-b132-4665-b62f-74011e6691b2_pp-01-2018-week-1
324211527,319370150,PASSING_AND_PASSING_WITH_TEST_CHANGES,geoserver/geoserver,10/05/18 22:33,10/05/2018,spirals-repairnator,http://travis-ci.org/geoserver/geoserver/builds/324211527,http://travis-ci.org/geoserver/geoserver/builds/319370150,tbarsballe@boundlessgeo.com,006e1636-b132-4665-b62f-74011e6691b2_pp-01-2018-week-1
324211966,320670242,PASSING_AND_PASSING_WITH_TEST_CHANGES,geoserver/geoserver,10/05/18 22:33,10/05/2018,spirals-repairnator,http://travis-ci.org/geoserver/geoserver/builds/324211966,http://travis-ci.org/geoserver/geoserver/builds/320670242,tbarsballe@boundlessgeo.com,006e1636-b132-4665-b62f-74011e6691b2_pp-01-2018-week-1
325556314,325545999,PASSING_AND_PASSING_WITH_TEST_CHANGES,boundlessgeo/geoserver,10/05/18 22:33,10/05/2018,spirals-repairnator,http://travis-ci.org/boundlessgeo/geoserver/builds/325556314,http://travis-ci.org/boundlessgeo/geoserver/builds/325545999,andrea.aime@gmail.com,006e1636-b132-4665-b62f-74011e6691b2_pp-01-2018-week-1
324409910,324212924,PASSING_AND_PASSING_WITH_TEST_CHANGES,boundlessgeo/geoserver,10/05/18 22:33,10/05/2018,spirals-repairnator,http://travis-ci.org/boundlessgeo/geoserver/builds/324409910,http://travis-ci.org/boundlessgeo/geoserver/builds/324212924,tbarsballe@boundlessgeo.com,006e1636-b132-4665-b62f-74011e6691b2_pp-01-2018-week-1
324212924,320670837,PASSING_AND_PASSING_WITH_TEST_CHANGES,boundlessgeo/geoserver,10/05/18 22:33,10/05/2018,spirals-repairnator,http://travis-ci.org/boundlessgeo/geoserver/builds/324212924,http://travis-ci.org/boundlessgeo/geoserver/builds/320670837,tbarsballe@boundlessgeo.com,006e1636-b132-4665-b62f-74011e6691b2_pp-01-2018-week-1
326077592,326073383,PASSING_AND_PASSING_WITH_TEST_CHANGES,swagger-api/swagger-codegen,10/05/18 22:33,10/05/2018,spirals-repairnator,http://travis-ci.org/swagger-api/swagger-codegen/builds/326077592,http://travis-ci.org/swagger-api/swagger-codegen/builds/326073383,wing328hk@gmail.com,006e1636-b132-4665-b62f-74011e6691b2_pp-01-2018-week-1
301748781,297346396,PASSING_AND_PASSING_WITH_TEST_CHANGES,swagger-api/swagger-codegen,10/05/18 22:33,10/05/2018,spirals-repairnator,http://travis-ci.org/swagger-api/swagger-codegen/builds/301748781,http://travis-ci.org/swagger-api/swagger-codegen/builds/297346396,noreply@github.com,006e1636-b132-4665-b62f-74011e6691b2_pp-01-2018-week-1
325997141,325994538,PASSING_AND_PASSING_WITH_TEST_CHANGES,swagger-api/swagger-codegen,10/05/18 22:33,10/05/2018,spirals-repairnator,http://travis-ci.org/swagger-api/swagger-codegen/builds/325997141,http://travis-ci.org/swagger-api/swagger-codegen/builds/325994538,wing328hk@gmail.com,006e1636-b132-4665-b62f-74011e6691b2_pp-01-2018-week-1
325953030,325952284,PASSING_AND_PASSING_WITH_TEST_CHANGES,swagger-api/swagger-codegen,10/05/18 22:33,10/05/2018,spirals-repairnator,http://travis-ci.org/swagger-api/swagger-codegen/builds/325953030,http://travis-ci.org/swagger-api/swagger-codegen/builds/325952284,wing328hk@gmail.com,006e1636-b132-4665-b62f-74011e6691b2_pp-01-2018-week-1
325941083,325939006,PASSING_AND_PASSING_WITH_TEST_CHANGES,swagger-api/swagger-codegen,10/05/18 22:33,10/05/2018,spirals-repairnator,http://travis-ci.org/swagger-api/swagger-codegen/builds/325941083,http://travis-ci.org/swagger-api/swagger-codegen/builds/325939006,wing328hk@gmail.com,006e1636-b132-4665-b62f-74011e6691b2_pp-01-2018-week-1
324975820,324676992,PASSING_AND_PASSING_WITH_TEST_CHANGES,swagger-api/swagger-codegen,10/05/18 22:33,10/05/2018,spirals-repairnator,http://travis-ci.org/swagger-api/swagger-codegen/builds/324975820,http://travis-ci.org/swagger-api/swagger-codegen/builds/324676992,noreply@github.com,006e1636-b132-4665-b62f-74011e6691b2_pp-01-2018-week-1
325296433,324911459,PASSING_AND_PASSING_WITH_TEST_CHANGES,apache/incubator-dubbo,10/05/18 22:33,10/05/2018,spirals-repairnator,http://travis-ci.org/apache/incubator-dubbo/builds/325296433,http://travis-ci.org/apache/incubator-dubbo/builds/324911459,noreply@github.com,006e1636-b132-4665-b62f-74011e6691b2_pp-01-2018-week-1
324911459,324911006,PASSING_AND_PASSING_WITH_TEST_CHANGES,apache/incubator-dubbo,10/05/18 22:33,10/05/2018,spirals-repairnator,http://travis-ci.org/apache/incubator-dubbo/builds/324911459,http://travis-ci.org/apache/incubator-dubbo/builds/324911006,noreply@github.com,006e1636-b132-4665-b62f-74011e6691b2_pp-01-2018-week-1
324911006,324906112,PASSING_AND_PASSING_WITH_TEST_CHANGES,apache/incubator-dubbo,10/05/18 22:33,10/05/2018,spirals-repairnator,http://travis-ci.org/apache/incubator-dubbo/builds/324911006,http://travis-ci.org/apache/incubator-dubbo/builds/324906112,noreply@github.com,006e1636-b132-4665-b62f-74011e6691b2_pp-01-2018-week-1
324906112,324888913,PASSING_AND_PASSING_WITH_TEST_CHANGES,apache/incubator-dubbo,10/05/18 22:33,10/05/2018,spirals-repairnator,http://travis-ci.org/apache/incubator-dubbo/builds/324906112,http://travis-ci.org/apache/incubator-dubbo/builds/324888913,noreply@github.com,006e1636-b132-4665-b62f-74011e6691b2_pp-01-2018-week-1
324905906,324048974,PASSING_AND_PASSING_WITH_TEST_CHANGES,apache/incubator-dubbo,10/05/18 22:33,10/05/2018,spirals-repairnator,http://travis-ci.org/apache/incubator-dubbo/builds/324905906,http://travis-ci.org/apache/incubator-dubbo/builds/324048974,ken.lj.hz@gmail.com,006e1636-b132-4665-b62f-74011e6691b2_pp-01-2018-week-1
324888913,322845507,PASSING_AND_PASSING_WITH_TEST_CHANGES,apache/incubator-dubbo,10/05/18 22:33,10/05/2018,spirals-repairnator,http://travis-ci.org/apache/incubator-dubbo/builds/324888913,http://travis-ci.org/apache/incubator-dubbo/builds/322845507,noreply@github.com,006e1636-b132-4665-b62f-74011e6691b2_pp-01-2018-week-1
324048974,324048405,PASSING_AND_PASSING_WITH_TEST_CHANGES,apache/incubator-dubbo,10/05/18 22:33,10/05/2018,spirals-repairnator,http://travis-ci.org/apache/incubator-dubbo/builds/324048974,http://travis-ci.org/apache/incubator-dubbo/builds/324048405,ken.lj.hz@gmail.com,006e1636-b132-4665-b62f-74011e6691b2_pp-01-2018-week-1
324048405,322136371,PASSING_AND_PASSING_WITH_TEST_CHANGES,apache/incubator-dubbo,10/05/18 22:34,10/05/2018,spirals-repairnator,http://travis-ci.org/apache/incubator-dubbo/builds/324048405,http://travis-ci.org/apache/incubator-dubbo/builds/322136371,noreply@github.com,006e1636-b132-4665-b62f-74011e6691b2_pp-01-2018-week-1
323997696,321360163,PASSING_AND_PASSING_WITH_TEST_CHANGES,apache/incubator-dubbo,10/05/18 22:34,10/05/2018,spirals-repairnator,http://travis-ci.org/apache/incubator-dubbo/builds/323997696,http://travis-ci.org/apache/incubator-dubbo/builds/321360163,noreply@github.com,006e1636-b132-4665-b62f-74011e6691b2_pp-01-2018-week-1
324449839,324433585,PASSING_AND_PASSING_WITH_TEST_CHANGES,julianhyde/calcite,10/05/18 22:34,10/05/2018,spirals-repairnator,http://travis-ci.org/julianhyde/calcite/builds/324449839,http://travis-ci.org/julianhyde/calcite/builds/324433585,jhyde@apache.org,006e1636-b132-4665-b62f-74011e6691b2_pp-01-2018-week-1
324187577,320270283,PASSING_AND_PASSING_WITH_TEST_CHANGES,rabbitmq/rabbitmq-perf-test,10/05/18 22:34,10/05/2018,spirals-repairnator,http://travis-ci.org/rabbitmq/rabbitmq-perf-test/builds/324187577,http://travis-ci.org/rabbitmq/rabbitmq-perf-test/builds/320270283,acogoluegnes@gmail.com,006e1636-b132-4665-b62f-74011e6691b2_pp-01-2018-week-1
325520139,320293221,PASSING_AND_PASSING_WITH_TEST_CHANGES,spring-cloud/spring-cloud-gcp,10/05/18 22:34,10/05/2018,spirals-repairnator,http://travis-ci.org/spring-cloud/spring-cloud-gcp/builds/325520139,http://travis-ci.org/spring-cloud/spring-cloud-gcp/builds/320293221,noreply@github.com,006e1636-b132-4665-b62f-74011e6691b2_pp-01-2018-week-1
325172579,324714049,PASSING_AND_PASSING_WITH_TEST_CHANGES,spring-cloud/spring-cloud-gcp,10/05/18 22:34,10/05/2018,spirals-repairnator,http://travis-ci.org/spring-cloud/spring-cloud-gcp/builds/325172579,http://travis-ci.org/spring-cloud/spring-cloud-gcp/builds/324714049,noreply@github.com,006e1636-b132-4665-b62f-74011e6691b2_pp-01-2018-week-1
324743572,318040142,PASSING_AND_PASSING_WITH_TEST_CHANGES,spring-cloud/spring-cloud-gcp,10/05/18 22:34,10/05/2018,spirals-repairnator,http://travis-ci.org/spring-cloud/spring-cloud-gcp/builds/324743572,http://travis-ci.org/spring-cloud/spring-cloud-gcp/builds/318040142,noreply@github.com,006e1636-b132-4665-b62f-74011e6691b2_pp-01-2018-week-1
324714049,322661318,PASSING_AND_PASSING_WITH_TEST_CHANGES,spring-cloud/spring-cloud-gcp,10/05/18 22:34,10/05/2018,spirals-repairnator,http://travis-ci.org/spring-cloud/spring-cloud-gcp/builds/324714049,http://travis-ci.org/spring-cloud/spring-cloud-gcp/builds/322661318,noreply@github.com,006e1636-b132-4665-b62f-74011e6691b2_pp-01-2018-week-1
325854183,325854063,PASSING_AND_PASSING_WITH_TEST_CHANGES,RipMeApp/ripme,10/05/18 22:34,10/05/2018,spirals-repairnator,http://travis-ci.org/RipMeApp/ripme/builds/325854183,http://travis-ci.org/RipMeApp/ripme/builds/325854063,noreply@github.com,006e1636-b132-4665-b62f-74011e6691b2_pp-01-2018-week-1
325849378,325831311,PASSING_AND_PASSING_WITH_TEST_CHANGES,RipMeApp/ripme,10/05/18 22:34,10/05/2018,spirals-repairnator,http://travis-ci.org/RipMeApp/ripme/builds/325849378,http://travis-ci.org/RipMeApp/ripme/builds/325831311,noreply@github.com,006e1636-b132-4665-b62f-74011e6691b2_pp-01-2018-week-1
325195311,322836554,PASSING_AND_PASSING_WITH_TEST_CHANGES,RipMeApp/ripme,10/05/18 22:34,10/05/2018,spirals-repairnator,http://travis-ci.org/RipMeApp/ripme/builds/325195311,http://travis-ci.org/RipMeApp/ripme/builds/322836554,noreply@github.com,006e1636-b132-4665-b62f-74011e6691b2_pp-01-2018-week-1
325788508,325785981,PASSING_AND_PASSING_WITH_TEST_CHANGES,apache/incubator-servicecomb-saga,10/05/18 22:34,10/05/2018,spirals-repairnator,http://travis-ci.org/apache/incubator-servicecomb-saga/builds/325788508,http://travis-ci.org/apache/incubator-servicecomb-saga/builds/325785981,noreply@github.com,006e1636-b132-4665-b62f-74011e6691b2_pp-01-2018-week-1
325785981,325757729,PASSING_AND_PASSING_WITH_TEST_CHANGES,apache/incubator-servicecomb-saga,10/05/18 22:34,10/05/2018,spirals-repairnator,http://travis-ci.org/apache/incubator-servicecomb-saga/builds/325785981,http://travis-ci.org/apache/incubator-servicecomb-saga/builds/325757729,noreply@github.com,006e1636-b132-4665-b62f-74011e6691b2_pp-01-2018-week-1
325734616,325378251,PASSING_AND_PASSING_WITH_TEST_CHANGES,apache/incubator-servicecomb-saga,10/05/18 22:34,10/05/2018,spirals-repairnator,http://travis-ci.org/apache/incubator-servicecomb-saga/builds/325734616,http://travis-ci.org/apache/incubator-servicecomb-saga/builds/325378251,jiangning9@huawei.com,006e1636-b132-4665-b62f-74011e6691b2_pp-01-2018-week-1
325360223,325279579,PASSING_AND_PASSING_WITH_TEST_CHANGES,apache/incubator-servicecomb-saga,10/05/18 22:34,10/05/2018,spirals-repairnator,http://travis-ci.org/apache/incubator-servicecomb-saga/builds/325360223,http://travis-ci.org/apache/incubator-servicecomb-saga/builds/325279579,jiangning9@huawei.com,006e1636-b132-4665-b62f-74011e6691b2_pp-01-2018-week-1
324927256,324911462,PASSING_AND_PASSING_WITH_TEST_CHANGES,apache/incubator-servicecomb-saga,10/05/18 22:34,10/05/2018,spirals-repairnator,http://travis-ci.org/apache/incubator-servicecomb-saga/builds/324927256,http://travis-ci.org/apache/incubator-servicecomb-saga/builds/324911462,noreply@github.com,006e1636-b132-4665-b62f-74011e6691b2_pp-01-2018-week-1
324890084,324466442,PASSING_AND_PASSING_WITH_TEST_CHANGES,apache/incubator-servicecomb-saga,10/05/18 22:34,10/05/2018,spirals-repairnator,http://travis-ci.org/apache/incubator-servicecomb-saga/builds/324890084,http://travis-ci.org/apache/incubator-servicecomb-saga/builds/324466442,noreply@github.com,006e1636-b132-4665-b62f-74011e6691b2_pp-01-2018-week-1
324889959,324867230,PASSING_AND_PASSING_WITH_TEST_CHANGES,apache/incubator-servicecomb-saga,10/05/18 22:34,10/05/2018,spirals-repairnator,http://travis-ci.org/apache/incubator-servicecomb-saga/builds/324889959,http://travis-ci.org/apache/incubator-servicecomb-saga/builds/324867230,sean.yin@huawei.com,006e1636-b132-4665-b62f-74011e6691b2_pp-01-2018-week-1
324593135,324533869,PASSING_AND_PASSING_WITH_TEST_CHANGES,apache/incubator-servicecomb-saga,10/05/18 22:34,10/05/2018,spirals-repairnator,http://travis-ci.org/apache/incubator-servicecomb-saga/builds/324593135,http://travis-ci.org/apache/incubator-servicecomb-saga/builds/324533869,noreply@github.com,006e1636-b132-4665-b62f-74011e6691b2_pp-01-2018-week-1
324533869,324476973,PASSING_AND_PASSING_WITH_TEST_CHANGES,apache/incubator-servicecomb-saga,10/05/18 22:34,10/05/2018,spirals-repairnator,http://travis-ci.org/apache/incubator-servicecomb-saga/builds/324533869,http://travis-ci.org/apache/incubator-servicecomb-saga/builds/324476973,noreply@github.com,006e1636-b132-4665-b62f-74011e6691b2_pp-01-2018-week-1
324476973,324194254,PASSING_AND_PASSING_WITH_TEST_CHANGES,apache/incubator-servicecomb-saga,10/05/18 22:34,10/05/2018,spirals-repairnator,http://travis-ci.org/apache/incubator-servicecomb-saga/builds/324476973,http://travis-ci.org/apache/incubator-servicecomb-saga/builds/324194254,noreply@github.com,006e1636-b132-4665-b62f-74011e6691b2_pp-01-2018-week-1
324438510,324114462,PASSING_AND_PASSING_WITH_TEST_CHANGES,apache/incubator-servicecomb-saga,10/05/18 22:34,10/05/2018,spirals-repairnator,http://travis-ci.org/apache/incubator-servicecomb-saga/builds/324438510,http://travis-ci.org/apache/incubator-servicecomb-saga/builds/324114462,yin-xiang@hotmail.com,006e1636-b132-4665-b62f-74011e6691b2_pp-01-2018-week-1
324194254,324123617,PASSING_AND_PASSING_WITH_TEST_CHANGES,apache/incubator-servicecomb-saga,10/05/18 22:34,10/05/2018,spirals-repairnator,http://travis-ci.org/apache/incubator-servicecomb-saga/builds/324194254,http://travis-ci.org/apache/incubator-servicecomb-saga/builds/324123617,noreply@github.com,006e1636-b132-4665-b62f-74011e6691b2_pp-01-2018-week-1
324167651,324130944,PASSING_AND_PASSING_WITH_TEST_CHANGES,apache/incubator-servicecomb-saga,10/05/18 22:34,10/05/2018,spirals-repairnator,http://travis-ci.org/apache/incubator-servicecomb-saga/builds/324167651,http://travis-ci.org/apache/incubator-servicecomb-saga/builds/324130944,jiangning9@huawei.com,006e1636-b132-4665-b62f-74011e6691b2_pp-01-2018-week-1
324123617,324123383,PASSING_AND_PASSING_WITH_TEST_CHANGES,apache/incubator-servicecomb-saga,10/05/18 22:34,10/05/2018,spirals-repairnator,http://travis-ci.org/apache/incubator-servicecomb-saga/builds/324123617,http://travis-ci.org/apache/incubator-servicecomb-saga/builds/324123383,noreply@github.com,006e1636-b132-4665-b62f-74011e6691b2_pp-01-2018-week-1
324114462,324081392,PASSING_AND_PASSING_WITH_TEST_CHANGES,apache/incubator-servicecomb-saga,10/05/18 22:34,10/05/2018,spirals-repairnator,http://travis-ci.org/apache/incubator-servicecomb-saga/builds/324114462,http://travis-ci.org/apache/incubator-servicecomb-saga/builds/324081392,jiangning9@huawei.com,006e1636-b132-4665-b62f-74011e6691b2_pp-01-2018-week-1
324082044,324034918,PASSING_AND_PASSING_WITH_TEST_CHANGES,apache/incubator-servicecomb-saga,10/05/18 22:34,10/05/2018,spirals-repairnator,http://travis-ci.org/apache/incubator-servicecomb-saga/builds/324082044,http://travis-ci.org/apache/incubator-servicecomb-saga/builds/324034918,sean.yin@huawei.com,006e1636-b132-4665-b62f-74011e6691b2_pp-01-2018-week-1
324082063,324053013,PASSING_AND_PASSING_WITH_TEST_CHANGES,apache/incubator-servicecomb-saga,10/05/18 22:34,10/05/2018,spirals-repairnator,http://travis-ci.org/apache/incubator-servicecomb-saga/builds/324082063,http://travis-ci.org/apache/incubator-servicecomb-saga/builds/324053013,noreply@github.com,006e1636-b132-4665-b62f-74011e6691b2_pp-01-2018-week-1
324081392,324048692,PASSING_AND_PASSING_WITH_TEST_CHANGES,apache/incubator-servicecomb-saga,10/05/18 22:34,10/05/2018,spirals-repairnator,http://travis-ci.org/apache/incubator-servicecomb-saga/builds/324081392,http://travis-ci.org/apache/incubator-servicecomb-saga/builds/324048692,jiangning9@huawei.com,006e1636-b132-4665-b62f-74011e6691b2_pp-01-2018-week-1
324048252,323995597,PASSING_AND_PASSING_WITH_TEST_CHANGES,apache/incubator-servicecomb-saga,10/05/18 22:34,10/05/2018,spirals-repairnator,http://travis-ci.org/apache/incubator-servicecomb-saga/builds/324048252,http://travis-ci.org/apache/incubator-servicecomb-saga/builds/323995597,noreply@github.com,006e1636-b132-4665-b62f-74011e6691b2_pp-01-2018-week-1
324048222,323995546,PASSING_AND_PASSING_WITH_TEST_CHANGES,apache/incubator-servicecomb-saga,10/05/18 22:34,10/05/2018,spirals-repairnator,http://travis-ci.org/apache/incubator-servicecomb-saga/builds/324048222,http://travis-ci.org/apache/incubator-servicecomb-saga/builds/323995546,sean.yin@huawei.com,006e1636-b132-4665-b62f-74011e6691b2_pp-01-2018-week-1
325209759,325108794,PASSING_AND_PASSING_WITH_TEST_CHANGES,datastax/java-driver,10/05/18 22:34,10/05/2018,spirals-repairnator,http://travis-ci.org/datastax/java-driver/builds/325209759,http://travis-ci.org/datastax/java-driver/builds/325108794,omichallat+github@gmail.com,006e1636-b132-4665-b62f-74011e6691b2_pp-01-2018-week-1
325209766,325108842,PASSING_AND_PASSING_WITH_TEST_CHANGES,datastax/java-driver,10/05/18 22:34,10/05/2018,spirals-repairnator,http://travis-ci.org/datastax/java-driver/builds/325209766,http://travis-ci.org/datastax/java-driver/builds/325108842,noreply@github.com,006e1636-b132-4665-b62f-74011e6691b2_pp-01-2018-week-1
325208701,325165971,PASSING_AND_PASSING_WITH_TEST_CHANGES,datastax/java-driver,10/05/18 22:34,10/05/2018,spirals-repairnator,http://travis-ci.org/datastax/java-driver/builds/325208701,http://travis-ci.org/datastax/java-driver/builds/325165971,olim7t@users.noreply.github.com,006e1636-b132-4665-b62f-74011e6691b2_pp-01-2018-week-1
325208377,324241348,PASSING_AND_PASSING_WITH_TEST_CHANGES,datastax/java-driver,10/05/18 22:34,10/05/2018,spirals-repairnator,http://travis-ci.org/datastax/java-driver/builds/325208377,http://travis-ci.org/datastax/java-driver/builds/324241348,noreply@github.com,006e1636-b132-4665-b62f-74011e6691b2_pp-01-2018-week-1
325165201,325163352,PASSING_AND_PASSING_WITH_TEST_CHANGES,datastax/java-driver,10/05/18 22:34,10/05/2018,spirals-repairnator,http://travis-ci.org/datastax/java-driver/builds/325165201,http://travis-ci.org/datastax/java-driver/builds/325163352,olim7t@users.noreply.github.com,006e1636-b132-4665-b62f-74011e6691b2_pp-01-2018-week-1
325163238,324218868,PASSING_AND_PASSING_WITH_TEST_CHANGES,datastax/java-driver,10/05/18 22:34,10/05/2018,spirals-repairnator,http://travis-ci.org/datastax/java-driver/builds/325163238,http://travis-ci.org/datastax/java-driver/builds/324218868,omichallat+github@gmail.com,006e1636-b132-4665-b62f-74011e6691b2_pp-01-2018-week-1
325159725,309118904,PASSING_AND_PASSING_WITH_TEST_CHANGES,datastax/java-driver,10/05/18 22:34,10/05/2018,spirals-repairnator,http://travis-ci.org/datastax/java-driver/builds/325159725,http://travis-ci.org/datastax/java-driver/builds/309118904,omichallat+github@gmail.com,006e1636-b132-4665-b62f-74011e6691b2_pp-01-2018-week-1
324241276,324240936,PASSING_AND_PASSING_WITH_TEST_CHANGES,datastax/java-driver,10/05/18 22:34,10/05/2018,spirals-repairnator,http://travis-ci.org/datastax/java-driver/builds/324241276,http://travis-ci.org/datastax/java-driver/builds/324240936,omichallat+github@gmail.com,006e1636-b132-4665-b62f-74011e6691b2_pp-01-2018-week-1
326007554,322092255,PASSING_AND_PASSING_WITH_TEST_CHANGES,dhis2/dhis2-core,10/05/18 22:34,10/05/2018,spirals-repairnator,http://travis-ci.org/dhis2/dhis2-core/builds/326007554,http://travis-ci.org/dhis2/dhis2-core/builds/322092255,noreply@github.com,006e1636-b132-4665-b62f-74011e6691b2_pp-01-2018-week-1
325180932,321220523,PASSING_AND_PASSING_WITH_TEST_CHANGES,dhis2/dhis2-core,10/05/18 22:34,10/05/2018,spirals-repairnator,http://travis-ci.org/dhis2/dhis2-core/builds/325180932,http://travis-ci.org/dhis2/dhis2-core/builds/321220523,noreply@github.com,006e1636-b132-4665-b62f-74011e6691b2_pp-01-2018-week-1
324468075,324188769,PASSING_AND_PASSING_WITH_TEST_CHANGES,dhis2/dhis2-core,10/05/18 22:34,10/05/2018,spirals-repairnator,http://travis-ci.org/dhis2/dhis2-core/builds/324468075,http://travis-ci.org/dhis2/dhis2-core/builds/324188769,noreply@github.com,006e1636-b132-4665-b62f-74011e6691b2_pp-01-2018-week-1
324438323,324068668,PASSING_AND_PASSING_WITH_TEST_CHANGES,dhis2/dhis2-core,10/05/18 22:34,10/05/2018,spirals-repairnator,http://travis-ci.org/dhis2/dhis2-core/builds/324438323,http://travis-ci.org/dhis2/dhis2-core/builds/324068668,noreply@github.com,006e1636-b132-4665-b62f-74011e6691b2_pp-01-2018-week-1
324188769,323204319,PASSING_AND_PASSING_WITH_TEST_CHANGES,dhis2/dhis2-core,10/05/18 22:34,10/05/2018,spirals-repairnator,http://travis-ci.org/dhis2/dhis2-core/builds/324188769,http://travis-ci.org/dhis2/dhis2-core/builds/323204319,noreply@github.com,006e1636-b132-4665-b62f-74011e6691b2_pp-01-2018-week-1
325431120,325312231,PASSING_AND_PASSING_WITH_TEST_CHANGES,debezium/debezium,10/05/18 22:34,10/05/2018,spirals-repairnator,http://travis-ci.org/debezium/debezium/builds/325431120,http://travis-ci.org/debezium/debezium/builds/325312231,jpechane@redhat.com,006e1636-b132-4665-b62f-74011e6691b2_pp-01-2018-week-1
325303083,325282869,PASSING_AND_PASSING_WITH_TEST_CHANGES,debezium/debezium,10/05/18 22:34,10/05/2018,spirals-repairnator,http://travis-ci.org/debezium/debezium/builds/325303083,http://travis-ci.org/debezium/debezium/builds/325282869,jpechane@redhat.com,006e1636-b132-4665-b62f-74011e6691b2_pp-01-2018-week-1
325282869,324066628,PASSING_AND_PASSING_WITH_TEST_CHANGES,debezium/debezium,10/05/18 22:34,10/05/2018,spirals-repairnator,http://travis-ci.org/debezium/debezium/builds/325282869,http://travis-ci.org/debezium/debezium/builds/324066628,jpechane@redhat.com,006e1636-b132-4665-b62f-74011e6691b2_pp-01-2018-week-1
324066628,324047191,PASSING_AND_PASSING_WITH_TEST_CHANGES,debezium/debezium,10/05/18 22:34,10/05/2018,spirals-repairnator,http://travis-ci.org/debezium/debezium/builds/324066628,http://travis-ci.org/debezium/debezium/builds/324047191,jpechane@redhat.com,006e1636-b132-4665-b62f-74011e6691b2_pp-01-2018-week-1
324047191,324040188,PASSING_AND_PASSING_WITH_TEST_CHANGES,debezium/debezium,10/05/18 22:34,10/05/2018,spirals-repairnator,http://travis-ci.org/debezium/debezium/builds/324047191,http://travis-ci.org/debezium/debezium/builds/324040188,jpechane@redhat.com,006e1636-b132-4665-b62f-74011e6691b2_pp-01-2018-week-1
324093557,324087285,PASSING_AND_PASSING_WITH_TEST_CHANGES,fabric8io/fabric8-maven-plugin,10/05/18 22:34,10/05/2018,spirals-repairnator,http://travis-ci.org/fabric8io/fabric8-maven-plugin/builds/324093557,http://travis-ci.org/fabric8io/fabric8-maven-plugin/builds/324087285,noreply@github.com,006e1636-b132-4665-b62f-74011e6691b2_pp-01-2018-week-1
324087285,324069675,PASSING_AND_PASSING_WITH_TEST_CHANGES,fabric8io/fabric8-maven-plugin,10/05/18 22:34,10/05/2018,spirals-repairnator,http://travis-ci.org/fabric8io/fabric8-maven-plugin/builds/324087285,http://travis-ci.org/fabric8io/fabric8-maven-plugin/builds/324069675,noreply@github.com,006e1636-b132-4665-b62f-74011e6691b2_pp-01-2018-week-1
324069381,322543877,PASSING_AND_PASSING_WITH_TEST_CHANGES,fabric8io/fabric8-maven-plugin,10/05/18 22:34,10/05/2018,spirals-repairnator,http://travis-ci.org/fabric8io/fabric8-maven-plugin/builds/324069381,http://travis-ci.org/fabric8io/fabric8-maven-plugin/builds/322543877,noreply@github.com,006e1636-b132-4665-b62f-74011e6691b2_pp-01-2018-week-1
324061641,322199285,PASSING_AND_PASSING_WITH_TEST_CHANGES,fabric8io/fabric8-maven-plugin,10/05/18 22:34,10/05/2018,spirals-repairnator,http://travis-ci.org/fabric8io/fabric8-maven-plugin/builds/324061641,http://travis-ci.org/fabric8io/fabric8-maven-plugin/builds/322199285,noreply@github.com,006e1636-b132-4665-b62f-74011e6691b2_pp-01-2018-week-1
325161867,325147074,PASSING_AND_PASSING_WITH_TEST_CHANGES,Activiti/Activiti,10/05/18 22:34,10/05/2018,spirals-repairnator,http://travis-ci.org/Activiti/Activiti/builds/325161867,http://travis-ci.org/Activiti/Activiti/builds/325147074,marcello.teodori@alfresco.com,006e1636-b132-4665-b62f-74011e6691b2_pp-01-2018-week-1
